Word,Frequency
a,995
aba,1
abajo,1
abandon,1
abandonado,1
abandonar,1
abandonaron,1
abarca,3
abarcan,1
abarcar,1
abastece,1
abastecer,2
abc,2
abdic,1
abierta,4
abierto,6
abogados,2
aboli,1
abolici,2
abordables,1
abordada,1
abordados,1
abordar,1
abril,11
abstracci,1
abstraccionismo,2
abundancia,1
abundantes,2
acab,1
acabar,1
acad,2
academia,12
academias,2
acantilados,1
acantonadas,1
acarigua,1
acceder,2
accedi,2
accesible,1
acceso,7
acci,7
accidentes,2
acciones,1
aceite,1
aceitera,1
aceler,1
acelera,1
acelerada,1
acepci,1
acepta,1
acepten,1
acerca,2
acercado,1
acero,4
achelpohl,1
acnudh,3
acompa,3
acord,2
acos,1
acoso,1
acosta,1
activ,1
activa,3
activaci,1
actividad,7
actividades,3
activo,2
activos,1
acto,1
actos,2
actuaci,1
actual,7
actuales,1
actualidad,3
actualiza,1
actualmente,6
actuar,2
actuaron,1
acu,5
acudi,1
acuerdo,15
acuicultura,1
acumulaci,2
acumulada,2
acumular,1
acus,1
acusaba,1
ad,2
adecuados,1
adelantos,1
adem,33
aden,1
adeptos,1
adi,3
adici,2
adicional,2
adicionales,1
adicionalmente,3
adiciones,1
adidas,1
adiendo,1
administraci,14
administrada,1
administradas,1
administrado,1
administrador,1
administrados,1
administrativa,1
administrativamente,1
administrativas,3
admirable,2
admite,1
adn,1
ado,7
adobe,1
adoptado,2
adoptar,2
adoptarse,1
adquiri,1
adquirida,1
adquiridos,2
adquirieron,3
adriano,1
adscrita,1
adscritos,1
advancement,1
adventista,1
adversarios,1
advirti,1
aerol,1
aeropuerto,7
aeropuertos,2
aerosol,1
afecta,1
afianz,1
afianzado,1
afici,1
afiliada,2
afluente,1
africana,4
africanos,1
afrodescendiente,3
afront,1
agat,1
agencias,2
agenda,1
agentes,3
agitaci,1
aglomeraci,2
agn,1
agosto,6
agr,3
agraria,2
agrario,2
agrarios,1
agregaci,2
agregada,1
agregadora,1
agregadores,1
agregados,1
agregan,1
agregando,1
agregar,2
agricultura,5
agropecuarias,2
agrupa,2
agrupaba,1
agrupaciones,1
agrupan,1
agua,9
aguacate,1
aguas,3
aguirre,2
agustino,1
agustinos,1
ah,2
ahogando,1
ahora,4
ahorrar,1
ahorro,1
aisladas,1
aislados,2
aislando,1
ajonjol,2
ajust,1
ajustada,1
al,191
ala,1
alado,1
alan,1
alaron,1
alba,1
alberga,1
alberto,1
albores,1
alc,2
alcald,1
alcalde,2
alcaldes,2
alcance,5
alcanz,5
alcanza,1
alcanzaba,1
alcanzado,1
alcanzan,2
alcanzando,4
alcoh,1
alcohol,1
alegando,1
alegor,1
alej,1
alejandro,3
alem,4
alemanas,1
alemanes,1
alemania,4
alfab,1
alfabetizaci,6
alfinger,1
alfonzo,1
alfredo,1
alg,1
algo,1
algod,2
algoritmo,1
algoritmos,5
alguna,4
algunas,8
alguno,1
algunos,15
aliados,3
alianza,1
alias,1
alimenta,1
alimentaci,1
alimentos,4
alineaciones,1
alirio,1
alisios,1
all,3
almac,2
almacena,2
almacenado,2
almacenados,3
almacenaje,2
almacenamiento,9
almacenan,2
almacenar,1
almirante,1
alocuci,1
alocuciones,1
alonso,2
alrededor,8
alt,1
alta,14
altagracia,1
altamente,2
altas,3
altavista,1
alternancia,1
alternativamente,1
alternativo,1
alternativos,1
altiplanicie,1
altiplanicies,1
altiplanos,1
altisonante,1
altitud,3
alto,13
altos,4
altura,2
aluminio,3
alumnos,1
aluvional,1
alvarado,1
alz,1
alza,1
alzamiento,1
alzamientos,1
am,32
amab,1
amarb,1
amarilla,1
amarillo,1
amaz,1
amazon,2
amazonas,6
amazonia,1
ambari,2
ambas,7
ambici,1
ambiente,1
ambientes,1
ambos,4
ambrosio,1
ameb,1
americanas,1
americanista,1
americanos,1
amerindia,2
amerindio,1
amerindios,3
ameritaron,1
amf,1
amgnb,1
amiens,1
amigo,1
amigos,1
ammed,1
amnist,1
amoeba,1
amos,2
amothch,1
ampara,1
amplia,6
ampliamente,2
ampliar,1
amplias,2
amplio,1
amrit,1
an,48
anaconda,1
analfabetismo,1
analizador,1
analizar,4
analog,1
analytics,1
ancha,2
ancho,2
and,2
andaluc,2
andes,10
andina,6
andinas,4
andino,1
andr,5
andrade,2
andueza,2
anexar,1
anexi,1
anfibios,3
angarita,1
angiospermas,1
anglicana,1
angloamericanos,1
angostura,4
animados,1
animales,4
ano,8
anomal,1
anonimizaci,1
anotar,1
another,1
ant,2
antagonistas,1
ante,5
antecedentes,1
antecesores,1
antemano,1
anterior,4
anteriores,4
anterioridad,1
anteriormente,2
antes,11
anticomunismo,1
antigua,3
antiguas,1
antiguo,2
antiguos,2
antiguzmancistas,1
antiimperialismo,1
antiimperialista,2
antillano,1
antillas,2
antipat,2
antonia,1
antonio,16
antonomasia,1
antv,1
anual,4
anuales,1
anualmente,1
anuario,1
anunci,2
anuncio,1
anzo,6
ap,1
apache,17
apagaron,1
apamate,1
aparec,1
aparece,4
aparici,1
apariciones,2
apariencia,1
apart,1
aparte,2
apegada,1
apego,1
apenas,4
aperitivo,1
apertura,3
api,2
aplica,1
aplicaci,10
aplicaciones,20
aplicada,1
aplicarse,1
apol,1
aportado,1
aportando,1
aporte,1
aportes,2
apoy,2
apoyada,2
apoyado,2
apoyando,1
apoyar,2
apoyaron,1
apoyo,5
apreciaci,1
apreciado,1
aprecian,1
apreciarse,1
aprender,1
aprendizaje,3
aprob,2
aprobaci,1
aprobada,2
aprobadas,1
aprobado,1
aprobar,1
apropiada,1
apropiado,1
aprovechadas,1
aprovechamiento,2
aprovechar,1
aprovisionamiento,1
aproximada,1
aproximadamente,8
aproximado,2
apure,5
aqu,2
aquel,2
aquella,1
aquellos,3
aquietar,2
ar,3
aragua,3
araguaney,1
aras,1
arauca,2
arawak,2
arawakos,1
araya,2
arb,1
arbitraria,1
arcano,1
archipi,2
archive,1
archivo,3
archivos,30
arcilla,1
arco,1
arena,2
arepa,1
argentina,4
args,1
argumento,1
argumentos,1
argv,1
armada,10
armadas,3
armadillos,1
armado,1
armados,1
armando,1
armenia,1
armisticio,1
aron,1
arpa,1
arqueol,2
arquitect,4
arquitectos,1
arquitectura,8
arraig,1
arrastra,1
arrau,1
arreglo,1
arrendando,1
arrest,1
arroz,7
art,6
arte,3
artes,3
artesan,2
artesanos,1
articulado,2
articulados,1
artificial,1
artistas,1
arturo,3
aruba,3
arvelo,1
as,95
asado,2
asamblea,23
ascendencia,1
ascenso,1
asciende,1
ase,1
asegur,1
asentados,2
asesinado,1
asesor,1
asf,2
asia,3
asiento,1
asigna,2
asignaci,3
asignada,1
asignado,1
asignados,1
asignan,1
asignar,2
asimilaci,2
asimismo,5
asinuidad,1
asiste,1
asistenciales,1
asociaciones,1
asociadas,1
asociado,1
asociados,2
asociativa,1
aspecto,2
aspectos,1
astron,1
asueto,1
asume,2
asumi,3
asumiendo,2
asumir,2
asuntos,2
asyncio,1
at,1
atacando,1
atanasio,1
ataques,3
atentado,2
atenten,1
ateos,1
atl,11
atletismo,1
atmb,1
atracados,1
atracci,1
atractiva,1
atractivos,1
atravesada,1
atravesado,1
atraviesa,1
atributo,1
atributos,2
atribuye,1
audiencia,3
auge,1
aument,1
aumentada,1
aumentando,3
aumentar,1
aumentaron,2
aumento,7
aumentos,1
aun,1
aunado,5
aunque,26
auspiciadas,1
australia,1
aut,8
auto,1
autob,1
autobiograf,1
autobuses,1
autocr,1
autocracia,1
autoguardados,1
autom,4
automatizaci,2
automatizada,1
automovil,1
autonom,1
autopista,8
autopistas,4
autoproclam,1
autor,2
autores,2
autoridad,2
autoridades,3
autoritario,3
autoritarismo,1
autorizados,1
autos,1
auxiliares,1
auyantepuy,2
avance,1
avances,1
avanzados,1
aventura,2
aves,8
aviaci,2
avifauna,2
avistada,1
award,1
ayacucho,1
ayuda,2
ayudar,3
ayudaron,2
az,10
azar,1
aztecas,1
azul,1
azules,1
b,46
ba,1
babas,1
backbone,2
baena,1
bagres,1
bah,1
bahareque,1
bailar,1
baile,1
baja,5
bajado,1
bajando,1
bajaron,1
bajas,2
bajo,22
bajos,7
bal,9
balance,1
ballenas,1
baloncesto,4
baltasar,1
banano,1
bancaria,1
banco,4
bancos,4
banda,3
bandera,1
bandola,1
bandos,1
barajados,1
barajamiento,1
baralt,1
barcelona,2
barima,2
barin,1
barinas,3
barlovento,1
barquisimeto,5
barra,1
barrancoide,1
barrancos,1
barril,1
barriles,14
barrios,1
barro,1
baruj,1
basa,3
basaba,1
basada,1
basadas,2
basado,3
basamento,1
base,8
bases,3
bastante,2
bastantes,1
basura,1
batalla,3
batallas,1
batteries,1
bautista,1
bauxita,2
bcv,4
bdfl,1
beatificada,1
beauvoir,1
bebida,1
bebidas,3
beisbolistas,2
bejucos,1
belfort,1
bellas,2
belleza,6
bello,2
benacerraf,2
beneficiada,1
beneficio,1
beneficios,1
benevolent,1
benevolente,1
beopen,4
berm,1
betancourt,8
bi,1
bianualmente,1
biblioteca,6
bibliotecas,3
bielorrusia,1
bien,6
bienes,3
bienestar,2
bifurcan,1
big,8
billones,2
biodiversidad,3
biol,1
biomas,2
bioreserva,1
biosfera,1
bistur,1
bitat,1
bitats,1
bitos,1
blanca,1
blanco,9
blica,50
blicas,4
blico,17
blicos,5
bloque,12
bloquear,1
bloqueo,2
bloques,6
boccia,1
bogot,2
bol,34
bolas,1
bolet,1
boletines,1
bolivariana,21
bolivarianas,1
bolivariano,3
bolivarianos,1
bolivia,2
bollo,1
bollos,1
bonaire,1
bonalde,1
bonanza,1
bono,1
bonos,3
boom,4
booms,1
bor,1
borb,1
bordea,1
bordeando,2
borrado,1
bosques,3
boves,1
boxeo,1
bpython,1
brahman,1
brasil,12
brasilia,1
bravo,2
brazo,1
brica,1
brindar,2
brit,6
bromelias,1
bronce,2
bruscamente,1
bruto,2
bruzual,1
bs,10
bucare,1
bucle,2
bucles,1
budismo,1
buen,2
buena,2
busc,1
busca,2
buscaba,1
buscada,1
buscador,2
buscadores,2
buscando,1
buscar,2
buscaracas,1
butano,1
c,81
ca,18
caba,1
caballo,1
cabe,3
cabecera,1
cabeciamarilla,1
cabello,6
cabezas,1
cabida,1
cabildo,2
cable,1
cabo,5
cabr,1
cabra,1
cabrujas,2
cabruta,1
cacao,3
cacaotero,1
cachamas,1
cachicamos,1
cacique,1
cact,1
cad,1
cada,50
cadafe,1
cadas,2
cadena,3
cadenas,8
cadivi,1
cae,1
caer,2
caf,4
cafarella,1
cahapas,1
caicara,1
caim,3
caja,1
calcula,2
calcular,1
calcularon,1
caldas,2
caldera,4
calidad,3
calificaci,1
caliza,1
calizas,1
calzado,1
calzados,1
camale,1
camarones,2
camatagua,1
cambi,2
cambia,3
cambiar,1
cambiario,1
cambio,11
cambios,4
cambur,2
camejo,1
caminando,1
camino,1
campa,7
campe,1
campeona,2
campeonato,8
campeonatos,1
campesinos,1
campestre,1
campins,1
campo,7
campos,1
canad,1
canaima,5
canal,9
canales,1
canalizaciones,1
canarias,1
cancel,1
cancelar,1
cancilleres,1
candidatas,1
candidato,2
candidatos,1
cangrejos,1
cannes,1
cantaclaro,1
cantidad,8
cantidades,1
cantv,2
caoba,1
caobo,1
capa,3
capaces,4
capachos,1
capacidad,7
capacidades,1
caparo,1
capas,1
capaz,5
capit,1
capital,16
capitales,2
capitan,2
capitul,1
capitulaci,2
capriles,1
capturar,1
capturaron,1
capturas,1
caquet,1
car,12
carabobe,1
carabobo,5
caracas,28
caracasmaracaibobarquisimeto,1
caracazo,2
carache,1
caracter,12
caracteres,2
caracteriz,2
caracteriza,2
caracterizada,2
caracterizadas,1
caracterizado,1
caracterizados,1
caraotas,1
carb,4
carbosuroeste,1
card,2
cardenales,1
cardenalito,1
cardones,1
carente,1
carentes,1
carey,1
carga,1
cargo,4
cargos,2
cariaco,2
caribe,31
caribes,1
caricaturista,1
carites,1
carl,1
carlos,12
carmona,2
carnaval,1
carne,9
caron,3
carora,1
carpetas,1
carre,1
carrera,2
carreras,1
carreteras,3
carta,3
cartas,1
carteles,1
caruachi,1
casa,4
casas,1
cascabel,1
casco,1
case,3
casi,6
casiquiare,2
caso,10
casos,9
cassandra,1
castellana,1
castellano,2
castellanos,1
castigar,1
castilletes,1
castro,6
cat,5
catalogada,1
catalogados,1
catarata,1
catatumbo,2
categor,2
categorizar,1
catolicismo,1
cattleya,1
caudal,2
caudaloso,1
caudillismos,2
caudillistas,2
caudillos,3
caura,2
caus,2
causa,3
causados,1
causando,1
cautelar,1
cay,5
cayendo,4
cayeron,1
cayo,1
cayos,3
caz,1
cazadoras,1
cazados,1
cazar,1
cc,3
cci,1
cd,2
ceas,1
cecilio,1
cecotto,1
cedro,1
cedulaci,1
ceiba,1
celdas,1
celebr,1
celebra,1
celebraci,1
celebrado,1
celebran,2
celebraron,1
celeridad,1
celular,1
cementerios,1
cemento,1
cenagosas,1
censo,4
centenares,1
center,1
central,17
centrales,4
centralismo,1
centralista,2
centralistas,1
centralizado,1
centro,17
centroam,1
centros,4
centrum,1
cer,5
cerca,13
cercan,1
cercana,1
cercanas,2
cercano,1
cercanos,1
cercar,1
cerda,1
cerdo,2
cereales,1
cerealista,1
ceres,1
cero,3
ceros,1
cerr,4
cerro,4
cert,1
cerveza,1
ces,6
cesando,1
cese,2
cestas,1
cester,2
ch,19
chagas,1
chaima,1
chalbaud,5
chama,2
channel,1
chaparros,1
charo,1
chataing,1
chavistas,1
chibcha,1
chibchas,1
chicha,1
chig,1
china,9
chinita,2
chino,1
chinos,1
chiquinquir,1
chira,10
chirino,1
chivo,2
chivos,1
chocr,1
chozas,1
christi,1
churuatas,1
churun,1
ciadi,1
ciclo,1
ciclos,1
cicpc,1
ciencia,2
ciencias,2
cient,6
cientos,1
cierre,2
cierta,4
ciertas,2
cierto,1
ciertos,4
cifra,3
cil,7
ciles,1
cilmente,2
cin,1
cinco,11
cincuenta,1
cine,5
cineasta,1
cinematograf,1
cinetismo,1
cinturones,1
cipriano,1
circo,1
circuito,7
circuitos,2
circular,2
circunstancias,1
circunvalaci,1
cirujanos,1
cita,10
citamente,1
citan,1
citgo,1
ciudad,22
ciudadan,1
ciudadana,1
ciudadano,3
ciudadanos,4
ciudades,7
civil,3
civiles,3
cl,21
clara,2
claramente,1
clarinete,1
claro,1
clase,2
clases,6
clasifica,1
clasificaci,4
clasificada,1
clasificado,1
clasificados,1
clave,22
claves,2
clemente,1
cleo,1
cleos,1
clicas,1
clics,1
cliente,1
clientes,1
clim,3
clima,9
cloud,4
cloudstore,1
clusteres,1
clusterizaci,1
clusters,1
cne,2
cnica,1
cnicas,5
cnico,1
cnicos,1
cnidos,1
cnri,6
coalici,2
coart,1
cobertura,2
cobr,1
cobran,1
cobrar,1
coche,1
cocina,3
coco,2
cocodrilos,1
cocos,1
codificaci,1
cofrad,2
cohesi,1
cojedes,1
col,6
cola,4
colaborador,1
colaborar,1
colaborativo,1
colaps,1
colapso,1
colas,4
colecci,1
colecciones,3
colectar,1
colectiva,1
colectivamente,1
colectivo,1
coleo,1
colibr,1
colina,1
colinas,1
colinda,1
colocaban,1
colombia,25
colombiana,1
colombianos,1
colon,1
colonia,7
colonial,6
coloniales,1
coloniero,1
colonizaci,3
colonizado,1
colonos,1
color,1
coloreado,1
colores,1
columna,1
com,9
coma,1
comandada,3
comandado,1
comandante,2
comando,2
comandos,1
combate,1
combates,1
combati,2
combina,2
combinaci,2
combinada,1
combinador,1
combustible,1
combustibles,1
comentario,1
comentarios,3
comenz,8
comenzado,1
comenzar,1
comenzaron,1
comercial,5
comerciales,7
comercio,4
cometidas,1
cometido,1
comicios,2
comidas,2
comienza,4
comienzo,1
comienzos,1
comisi,3
comisionado,2
comit,1
commerce,1
commodity,1
common,2
como,250
comodines,1
comp,1
compa,6
compacta,3
comparaci,4
comparten,3
compatible,1
compatibles,2
competencia,3
competencias,2
competici,1
compleja,1
complejidad,1
complejo,3
complejos,1
complementarse,1
complet,1
completa,1
completadas,1
completamente,1
completamiento,1
completas,2
completo,3
complicaciones,1
compone,1
componen,2
componentes,2
comportamiento,4
composici,1
compra,1
comprando,1
compras,2
comprehension,1
comprende,3
comprenden,1
comprendida,1
comprensi,3
comprobada,1
comprobar,3
comprobarlos,1
comprometer,1
compromiso,1
comprueban,1
compuesta,1
compuesto,3
compuestos,1
compuso,1
computaci,3
computacionales,1
computadoras,4
compute,1
computer,1
computing,2
comunales,1
comunes,2
comunica,1
comunicaci,9
comunicacionalmente,1
comunicar,1
comunicarse,2
comunidad,7
comunidades,6
comunista,2
comunitarias,2
comunitarios,1
con,312
conatel,1
conatos,1
concebido,1
concede,1
concejales,3
concejos,1
concentra,2
concentraci,2
concentran,1
concentrarse,1
concepto,4
conceptos,1
concesi,3
concesiones,1
conchas,1
concluyendo,1
concordia,1
concret,3
concreta,1
concretamente,2
concuerdan,1
concurrencia,1
concurrente,2
concurso,4
concursos,1
condenaban,1
condici,7
condicion,1
condicional,1
condicionaron,1
condiciones,4
conducta,2
condujo,2
conecta,5
conectan,1
conejo,1
conejos,2
conexi,2
conf,1
confederaci,1
confesiones,1
confianza,1
confidencialidad,1
confiere,1
configura,1
configuraci,3
conflictividad,1
conflicto,1
conflictos,4
confluencia,2
conform,1
conformaba,1
conformaban,1
conformada,1
conformadas,1
conformado,4
conformados,1
conforman,2
conformaron,1
conforme,1
conformidad,2
confundido,1
conglomerados,1
congrega,1
congregaron,1
congreso,9
conicit,1
conjuntamente,2
conjunto,8
conjuntos,10
conjuraci,1
conmutada,1
cono,4
conoce,2
conocemos,1
conocer,1
conocida,3
conocidas,2
conocido,5
conocidos,2
conocimiento,2
conocimientos,2
conquista,1
conquistadores,1
consagrar,1
consagrarse,1
consciente,1
consecuci,1
consecuencia,3
consecuencias,3
consecuente,1
consecutivo,1
consecutivos,1
conseguir,1
consejo,17
conservaci,1
conservador,2
conservadores,2
conservar,2
conservatorio,1
consider,1
considera,1
considerablemente,1
considerada,5
considerado,5
consideran,1
considerar,1
considerarse,1
consigo,2
consigue,1
consiguen,1
consiguieron,1
consiste,4
consisten,2
consistente,1
consisti,1
consolaci,1
consolid,1
consolidaci,1
consolidado,1
consolidar,1
conspiraci,1
consta,1
constante,1
constantemente,1
constituci,36
constitucional,3
constitucionales,1
constitucionalmente,2
constituida,3
constituido,2
constituidos,1
constituy,1
constituye,8
constituyen,2
constituyendo,2
constituyente,4
construcci,7
construcciones,2
construidas,1
construido,1
construidos,2
construyendo,2
construyeron,1
consulta,3
consultoria,1
consume,1
consumen,1
consumi,2
consumido,1
consumidor,5
consumiendo,1
consumo,5
cont,1
contaba,2
contabilidad,2
contabiliz,2
contacto,1
contado,1
contador,1
contadora,1
contando,2
contar,1
contaron,1
contempor,2
contendr,1
contenedores,1
contener,2
contenida,1
contenido,3
contenidos,1
conteo,4
contexto,2
contextos,1
contiene,3
contienen,1
contigua,1
contin,4
continental,8
continentales,2
continente,4
continu,1
continua,1
continuaci,1
continuamente,2
continuando,1
continuar,3
continuaron,1
continuas,1
continuase,1
continue,1
continuidad,3
continuo,2
continuos,1
contra,12
contrabando,2
contradec,1
contrainteligencia,1
contrajo,1
contralmirante,1
contralor,5
contraparte,1
contrario,1
contrarrestarla,1
contratan,1
contrato,1
contratos,1
contreras,1
contribuci,5
contribuido,3
contribuy,1
contribuye,2
contribuyentes,2
contribuyeron,1
contrincante,1
control,14
controla,1
controlada,1
controlado,1
controlados,1
controlando,1
controles,1
conucos,1
convenci,1
convencional,1
convenios,1
convertido,4
convertirse,2
convierten,1
convirti,5
convirtiendo,1
convit,1
convocado,1
convocando,1
convocar,2
convocara,1
convocatoria,1
convulsi,1
cooperaci,1
coordina,1
coordinaci,1
coordinados,2
copa,4
copas,1
copei,2
copias,2
coquibacoa,1
coral,1
coraz,1
corbeta,2
corchetes,1
cord,2
cordillera,9
cordilleras,3
coriano,1
corina,1
coro,5
corona,1
coronara,1
coronas,1
coroneles,1
corporaci,4
corporal,1
corporation,1
corpus,1
corral,1
correcta,1
correio,1
correo,1
corresponde,1
corresponden,1
correspondiendo,1
corresponsabilidad,1
corridas,1
corrientes,2
corrupci,3
corta,1
corte,2
cortes,1
corto,2
cosas,2
cosecha,1
cosechado,1
cosechando,1
cosiata,1
cosm,1
cosmogon,2
costa,23
costas,1
coste,1
costera,2
costeras,3
costero,1
costo,1
costoso,1
costumbre,1
costumbres,1
costumbrismo,2
coterr,1
cotizaci,1
cotizados,2
cotorra,1
cp,3
cpu,2
cpus,1
cr,6
crata,2
cre,9
creaci,9
creaciones,1
creado,5
creador,1
creadoras,1
creando,4
crear,9
crearon,3
creations,1
crecer,1
creci,5
creciente,4
crecientes,1
crecimiento,6
crediticia,1
cree,1
crema,1
crespo,5
crianza,1
crimen,1
criminal,1
criminalidad,2
criolla,1
criollas,1
criollo,1
crioultramicrotom,1
cris,1
crisis,25
crisol,1
crist,8
cristianos,2
cristo,1
croacia,1
crucial,1
cruciales,1
crude,1
crudo,1
cruz,4
cteos,2
cter,6
ctica,4
cticas,3
ctico,2
ctona,1
ctonas,1
ctonos,1
ctor,1
ctrica,4
ctricas,1
ctrico,1
ctv,2
cu,3
cuadrada,1
cuaima,1
cual,32
cuales,21
cualidades,1
cualificada,1
cualquier,9
cualquiera,1
cuando,26
cuanto,5
cuantos,1
cuarcita,1
cuarcitas,1
cuarta,1
cuarto,4
cuatro,12
cuba,6
cubanos,1
cubierta,2
cubiertos,1
cubre,1
cubren,1
cuenca,14
cuencas,4
cuenta,15
cuentan,5
cuentas,3
cuerpo,1
cuerpos,5
cuesti,3
cuestionase,1
cuestiones,1
cueva,1
cuicas,2
cuj,2
cula,2
culas,1
culmin,2
culmina,1
culminaci,2
culo,5
culos,4
culposo,1
cultiva,1
cultivada,1
cultivan,1
cultivo,2
cultivos,3
culto,4
cultura,11
cultural,11
culturales,4
culturas,2
cuman,2
cumanagoto,1
cumbre,1
cumpl,1
cumple,4
cumplir,2
cumplirse,1
cura,1
curazao,4
curso,3
cursos,1
cuta,1
cutting,4
cuya,10
cuyo,3
cuyos,2
cuyun,1
cuyuni,1
cvg,1
cwi,2
cyttek,3
d,66
da,17
daba,1
dada,3
dado,7
dando,2
daniel,1
danos,3
danta,1
dantas,1
danubio,1
danzantes,2
dar,3
darle,2
darpa,1
das,2
data,12
database,1
datanode,1
datasets,2
datetime,1
dato,1
datos,108
ddt,1
de,2942
deas,1
deb,1
deba,1
debajo,2
debe,5
deben,4
deber,2
debido,28
debilit,1
decadencia,1
decaimiento,1
decant,2
decena,1
decenas,1
decesos,1
decidir,1
decimon,1
decimotercer,2
decir,6
decisi,2
decisiones,2
decisiva,1
declar,3
declaraci,2
declaraciones,1
declarada,1
declaradas,1
declarado,2
declarar,2
declarara,1
declararon,1
declin,1
decoradas,1
decret,3
decreta,1
decreto,7
decretos,1
dedicado,2
def,1
default,1
defecto,9
defend,1
defensa,4
defensor,1
defensores,1
defin,1
define,6
definen,1
definici,1
definidas,2
definidos,2
definir,4
definitiva,2
definitivamente,1
definitivo,1
dej,1
dejando,3
dejar,1
dejara,1
del,556
deleg,2
delega,1
delegado,1
delf,1
delgado,3
delimitaciones,1
delimitado,1
delimitar,3
delincuencia,2
delinear,1
delitos,1
delta,7
dem,4
demand,1
demanda,1
demarcaci,1
demarcaciones,1
demasiado,1
demerara,1
democr,14
democracia,6
demonios,1
demostraciones,1
demuestra,1
denomin,2
denominaci,2
denominada,4
denominadas,1
denominado,3
denominados,1
denominamos,1
dentro,15
denuncias,1
dep,2
departamento,2
depende,1
dependencias,2
depender,1
dependiendo,1
dependientes,1
deponerlo,1
deporte,7
deportes,4
deportiva,2
deportivas,1
deportivo,1
deportivos,1
deposici,1
depositado,1
depresi,7
depresiones,1
der,3
derecho,4
derechos,10
deres,5
derivaci,1
derivado,3
derivados,2
derog,1
derribar,1
derroc,1
derrocarle,1
derrocarlo,1
derrotado,3
derrotados,1
derrumbe,1
des,2
desacato,3
desactivado,2
desaf,1
desafortunadamente,1
desagrado,1
desagua,1
desaparecer,1
desapareci,1
desarroll,6
desarrollada,3
desarrollado,6
desarrollador,1
desarrolladores,5
desarrollar,1
desarrollaron,1
desarrollarse,1
desarrollo,30
desarrollos,1
desat,1
desatando,1
descentralizaci,1
descentralizado,1
desciende,1
desconoci,1
descontento,2
descontinuado,1
descontrolada,1
descontrolado,1
describe,2
describen,1
describir,1
descripci,1
descritos,1
descubiertas,1
descubiertos,1
descubrimiento,4
descuido,1
desde,60
deseaban,1
deseable,1
deseado,1
deseamos,1
desembarc,1
desemboc,2
desembocadura,1
desempaquetado,1
desempe,1
desempleo,2
desencaden,1
desencadenado,1
deseo,2
desestabiliz,1
desestabilizaci,1
desestabilizaron,1
deshabitada,1
deshabitados,1
desiertos,1
design,2
designado,4
designando,1
desigualdad,2
desincorporaci,1
desincorporar,1
desintegr,1
desocupaci,1
despiertan,1
desplazados,1
desplazan,1
desplomado,2
desprenderse,1
despu,24
destac,4
destaca,10
destacaban,1
destacadas,1
destacado,7
destacados,1
destacan,8
destacando,2
destacar,4
destacaron,2
destinadas,1
destinado,2
destinados,4
destinan,1
destino,3
destinos,4
destituido,2
detalle,1
detenci,2
detenidos,1
deteriorando,1
deterioro,1
determin,1
determina,1
determinadas,1
determinado,1
determine,1
detr,1
deuda,8
deudas,2
devalu,2
devaluaci,1
devaluando,1
devaluar,1
devuelto,1
devueltos,1
devuelve,2
dez,1
dgcim,3
di,2
diablos,2
diagn,1
dialecto,1
dialectos,2
diamante,1
diamantes,1
diario,1
diarios,6
dica,1
dicamente,1
dicas,1
diccionario,6
dice,1
dicha,5
dichas,2
dicho,5
dichos,2
dici,1
diciembre,9
dico,3
dicom,1
dicos,3
dict,3
dictada,1
dictador,2
dictadura,1
dictaduras,2
dictator,1
diecisiete,1
diego,3
dientes,1
dieron,1
diez,1
diezm,1
dif,4
diferenci,1
diferencia,3
diferenciadas,2
diferenciarse,1
diferencias,6
diferendo,1
diferente,3
diferentes,14
difiere,1
difieren,1
difundidas,1
difusi,1
digital,2
digitales,1
digitel,1
dignos,1
digo,28
digos,1
dijo,3
dimensi,1
din,6
dio,6
diplom,2
diputados,7
direcci,7
directa,2
directamente,7
directas,1
directivo,1
directo,9
director,1
directores,2
directorio,1
directos,1
dirige,3
dirigente,1
dirigido,2
dirigidos,1
dirigir,3
disciplina,3
disciplinas,1
disco,1
discontinuaci,1
discos,2
discrepancia,1
discusi,2
dise,7
disent,1
disgregar,1
disidencia,1
disminuidas,1
disminuy,2
disminuyeron,1
disoluci,1
disolvi,1
dispar,1
dispersa,1
dispon,1
disponibilidad,3
disponible,3
disponibles,3
disposici,3
disposiciones,1
disputa,3
disputar,1
disputas,1
distancia,1
distanciamiento,1
distanciamientos,1
distancian,1
distingue,1
distinguen,1
distingui,2
distintas,3
distinto,2
distintos,4
distribu,1
distribuci,6
distribuciones,2
distribuida,5
distribuidas,4
distribuido,15
distribuidos,5
distribuir,1
distributed,2
distribuyendo,1
distrito,5
disturbios,2
disueltos,1
ditribuyen,1
diversa,2
diversas,5
diversidad,7
diversificada,2
diversificado,1
diversificar,1
diversificarse,1
diversos,7
divide,7
dividen,1
dividendos,1
dividido,4
dividir,1
dividirlo,1
divina,1
divisa,1
divisas,2
divisi,2
divisiones,1
do,3
doble,1
docenas,1
docker,1
doctrina,5
doctrinas,1
documentaci,1
documentadas,1
documentado,1
documentados,1
documental,1
documento,4
documentos,4
dolarizaci,1
dolarizada,1
dolomita,1
dom,1
dominada,1
dominado,1
dominados,1
dominando,1
dominar,1
domingo,1
dominica,1
dominicana,4
dominicano,1
dominio,4
donde,47
dorada,1
dos,29
doug,3
dr,4
drena,2
drenadas,1
drenados,1
dual,1
dudamel,1
duida,1
dulce,3
dulceacu,1
dulo,14
dulos,12
dunas,1
dur,2
dura,1
duraci,1
duramente,1
durante,39
duro,1
e,49
ecol,1
econ,34
econom,14
economist,1
ecosistema,2
ecosistemas,1
ecotur,1
ecoturismo,1
ecuador,3
ecuestre,1
edelca,1
edici,1
edificaci,1
edificaciones,3
edificar,1
edificaron,1
eduardo,1
educaci,9
educador,1
educativas,1
educativo,2
ee,1
ef,1
efect,1
efectiva,2
efecto,1
efectos,1
efectu,1
efectuados,1
efectuaron,1
eficacia,2
eficiencia,4
eficiente,3
eficientes,2
ej,9
ejecuci,4
ejecut,3
ejecuta,10
ejecutadas,1
ejecutado,1
ejecutados,1
ejecutando,3
ejecutar,9
ejecutara,1
ejecutarse,1
ejecutiva,1
ejecutivas,1
ejecutivo,11
ejemplo,19
ejemplos,6
ejerce,16
ejercer,2
ejercicio,3
ejercidas,1
ejercido,1
el,1331
elaboraci,1
elaborada,1
elaboradas,1
eleazar,1
elecci,10
elecciones,13
electa,1
electo,3
electorado,2
electoral,10
electorales,2
electos,3
electr,4
electricidad,3
electrificaci,1
electrol,1
elefante,2
eleg,1
elegible,1
elegida,1
elegido,11
elegidos,3
elegir,2
elemento,5
elementos,3
elena,1
eleva,2
elevaci,1
elevaciones,1
elevada,1
elevadas,1
elevados,1
eleve,1
elia,1
elif,2
eliminado,2
eliminar,2
eliminen,1
ella,2
ellas,5
ello,10
ellos,6
eloy,1
else,4
emancipaci,1
emancipador,1
embalse,2
embargo,15
emblema,1
emigraci,3
emigrado,1
emisoras,2
emite,1
emiti,1
emocionante,1
empanadas,1
emparan,1
empeor,1
empiezan,1
emplea,2
empleada,2
empleado,2
empleados,1
empleando,1
empleo,5
emprender,1
emprendi,2
empresa,4
empresarios,1
empresas,13
empuje,1
en,1253
encabezada,2
encabezado,1
encabezados,1
encabezaron,1
encarga,1
encargada,1
encargado,6
encargan,1
encauzar,1
enciclopedismo,1
encima,1
enclavados,1
encontr,1
encontraba,2
encontraban,1
encontradas,2
encontrando,1
encontrar,2
encontrarse,2
encrucijada,1
encuentra,22
encuentran,11
encuentre,1
encuestados,1
encuestas,1
end,5
endemismo,1
endeudamiento,3
endorreica,1
endorreico,1
energ,16
enero,16
enferm,1
enfermedades,6
enfocaba,1
enfoque,3
enfrent,3
enfrentaban,1
enfrentaron,1
engalanan,1
enganchando,1
engine,1
engrosaba,1
enjuiciar,1
enlace,2
enlaza,3
enmarcada,1
enmarcan,1
enmarcaron,2
enmienda,2
enorme,2
enormemente,1
enormes,1
enriquecerse,1
enriqueci,1
ensanchadas,1
ensayos,1
ente,6
entendible,1
entendimiento,1
enteras,1
enterramientos,1
entes,2
entidad,2
entonces,9
entorno,4
entornos,1
entr,2
entrada,14
entran,1
entrar,1
entre,103
entrega,1
entregados,1
entrenan,1
entrenen,1
entretenimiento,1
enumera,1
env,2
envolver,1
epifitas,1
equipo,5
equipos,1
equitativamente,1
equivale,1
equivalen,1
equivalente,3
equivalentes,2
era,16
eran,8
erigidas,1
erosi,2
erosionado,1
erosiones,1
es,224
esa,9
esas,1
esc,1
escala,4
escalabilidad,5
escalable,2
escalante,1
escalar,1
escalona,1
escalonadamente,1
escarpados,1
escasa,1
escasas,1
escasez,2
escaso,1
escena,3
escenarios,1
esclavitud,2
esclavo,3
esclavos,1
escolarizar,1
escribe,4
escriben,2
escribiendo,1
escribir,3
escrito,3
escritor,3
escritos,5
escuchan,1
escuchar,1
escudo,4
escuela,1
escultura,3
esculturas,2
ese,21
esencia,1
esenciales,1
esencias,1
esequiba,4
esequibo,6
esferas,1
esfuerza,1
eso,2
esos,3
esp,1
espa,34
espacio,1
espacios,7
esparcimiento,1
esparta,1
espec,5
especial,7
especiales,2
especializados,1
especialmente,8
especie,2
especies,34
especificado,1
especificar,2
especificidad,1
espectaculares,1
espectadores,1
espera,2
esperada,1
esperando,1
esperanza,1
esqu,1
esqueleto,1
esquema,3
esquisto,1
essequibo,2
est,77
esta,61
estaba,7
estaban,2
estable,1
establece,5
establecen,1
estableci,1
establecido,1
establecidos,2
estableciendo,2
establecieron,2
establecimiento,6
establezca,1
estaci,3
estacionalidad,1
estaciones,4
estad,8
estadal,2
estado,64
estados,33
estadounidense,3
estadounidenses,2
estall,2
estalla,1
estallido,2
estancada,2
estancamiento,1
estancia,1
estando,3
estar,6
estas,22
estatal,11
estatales,6
estatizada,1
estatus,1
este,73
estil,1
estilo,1
estilos,2
estim,3
estima,2
estimaba,1
estimaciones,1
estimulada,2
estimulado,1
estipulando,1
esto,24
estos,29
estrategia,2
estrechos,1
estructura,8
estructurada,1
estructurado,1
estructurados,4
estructural,1
estructuras,1
estudiantado,1
estudiantes,1
estudiantil,2
estudio,2
estudios,1
estuvo,3
etapa,4
etapas,1
etc,4
etnia,2
etnias,2
eucarist,1
euroc,1
europa,9
europea,7
europeas,3
europeo,4
europeos,3
eval,2
evaluaci,2
evaluados,1
evaluando,1
evang,1
evento,1
eventos,2
everybody,1
evidencia,1
evidenciaron,1
evidente,1
evitando,1
evitar,1
evoluci,1
evolucionar,1
exactitud,1
excavaciones,1
excavado,1
excelencia,2
excepci,3
excepciones,4
excepto,1
excesivo,2
excluidos,1
exclusiva,1
excluyendo,1
exdiputado,1
exige,1
exiliados,1
exist,2
existe,4
existen,22
existencia,2
existente,1
existentes,4
existi,1
existido,1
exitosa,1
exoficial,1
expandir,1
expansi,2
expedici,6
experiencia,1
experiencias,2
experimentaba,1
experimental,1
experimentar,1
experimentaron,1
expidi,1
expl,1
explic,1
explica,3
explicaci,1
explorada,1
explorador,1
explorar,1
explotaci,3
explotaciones,2
explotado,1
explotan,1
expone,1
exponente,3
exponentes,2
export,1
exportaci,4
exportaciones,3
exportador,5
exportadores,2
exportan,1
expresa,1
expresado,2
expresan,2
expresar,1
expresarse,1
expresi,6
expresidente,1
expresiones,2
expresiva,1
express,1
expropiaci,2
expropiaciones,1
expuesta,1
expulsi,1
extendi,2
extendieron,1
extensa,4
extensas,3
extensi,7
extensiones,1
extenso,1
extensos,3
exterior,5
exteriores,3
externa,3
externo,1
extiende,4
extienden,1
extinci,1
extra,5
extracci,5
extrae,1
extraer,1
extrajudicialmente,1
extranjera,3
extranjeras,2
extranjero,2
extranjeros,2
extraoficial,1
extraordinaria,1
extrayendo,2
extremadura,1
extremo,2
exuberante,1
ez,11
ezequiel,3
f,43
fabada,1
fabricaba,1
facebook,2
fachada,3
facilidad,4
facilita,4
facilitar,2
facto,2
factor,1
factores,3
facultad,2
faenas,1
fair,3
faja,3
falc,8
faldas,1
falke,1
fall,1
falla,4
fallaba,1
falle,1
falleci,2
fallida,1
fallidas,2
fallo,8
fallos,4
falsas,1
falta,5
faltas,1
fama,2
familia,4
familiares,1
familiarizando,1
familias,3
famosa,2
famoso,3
fan,1
fanaticada,1
fanb,2
fase,3
fauna,10
favorece,2
favorecido,1
favorecieran,1
favorecieron,1
febrero,9
fecha,4
fechas,1
fedec,2
federaci,6
federal,6
federales,2
federalistas,2
femenina,1
femenino,4
feminismo,1
feminista,1
feras,1
feria,1
feriados,1
ferm,1
fern,2
feros,4
ferrocarril,2
ferrocarriles,1
ferrominera,1
ferroviario,2
ferroviarios,1
ferruginosas,1
fertilizantes,2
festival,1
festividad,1
festividades,2
festivos,1
fiabilidad,1
fiba,3
fica,6
ficamente,2
ficas,10
fichero,2
ficheros,4
fico,9
ficos,2
fidel,1
fiebre,1
fiestas,1
fifa,1
fifo,1
figura,5
figuran,2
figurando,1
figuras,2
fija,2
fijo,5
fil,2
fila,3
filarm,1
file,3
filesystem,2
filiaci,1
filial,1
filiales,2
filipinas,1
filma,1
films,1
filosof,4
filter,2
fin,10
fina,1
final,9
finales,7
finalicen,1
finalizaci,1
finalmente,9
financiamiento,1
financiero,1
financieros,2
finanzas,1
fincas,1
fines,6
firm,6
firma,1
firmar,1
firme,5
fiscal,4
fiscales,1
fiscaliza,1
fisiolog,1
fitogeogr,1
flagrantes,1
flamerich,1
flor,1
flora,3
florecieron,1
flotaci,1
flotante,1
flujo,2
fluvial,2
fluviales,4
fm,2
fmi,1
fnd,1
focaliz,1
folclorista,1
foment,1
fomentar,1
fomento,3
fondo,1
fondos,1
fono,1
for,7
foreach,1
form,1
forma,36
formaci,8
formaciones,2
formada,1
formado,1
forman,4
formar,4
formas,3
formato,1
foro,1
fortaleci,1
forz,2
forzados,1
forzando,1
forzar,1
forzoso,1
fosfatos,2
foto,1
fotograf,1
foundation,8
fr,1
fracasos,1
fraccionamiento,1
fragmentaci,1
fragmento,4
fragmentos,1
fragu,2
frailej,1
framework,11
frameworks,1
francesa,3
francesas,1
francia,4
francisco,9
fraude,2
free,2
fren,1
frenar,1
frente,8
frica,3
frijoles,1
frondosos,1
frontera,6
fronteras,4
fronterizos,1
frontino,1
frutas,1
frutos,1
fsf,3
fue,108
fuente,4
fuentes,2
fuera,7
fueran,1
fueron,23
fuerte,7
fuertemente,1
fuerza,6
fuerzas,8
fuese,1
fuga,1
fugger,1
fuma,1
fumigar,1
funci,33
funciona,1
funcionaba,1
funcional,8
funcionales,1
funcionalidad,2
funcionalidades,1
funcionamiento,2
funcionan,1
funcionarios,3
funciones,20
fund,1
fundada,3
fundado,6
fundador,1
fundadora,1
fundament,1
fundamenta,1
fundamental,1
fundamentalmente,1
fung,1
fusilar,1
futsal,1
futura,1
fvb,1
fvf,1
g,17
gabinete,1
gaceta,2
gaita,2
galard,1
galer,1
galicismos,1
gallegos,6
gallup,1
gama,1
gamba,1
gan,3
ganader,3
ganadera,1
ganado,6
ganador,1
ganadoras,1
ganando,1
ganar,4
garant,3
garantiz,1
garantiza,1
garantizar,3
garc,1
garmendia,1
garrote,1
garzas,1
gas,8
gasolina,2
gasto,4
gastos,3
gastron,1
gastronom,7
gavilanes,2
gemelas,1
gen,13
gena,6
genas,11
gener,2
genera,6
generada,2
generador,1
generadores,1
generados,1
general,28
generalizada,1
generalizado,1
generalizados,1
generalmente,4
generando,1
generar,4
generaron,1
genere,1
genes,3
genos,1
gente,2
genuina,1
geogr,6
geograf,2
geol,2
geolog,1
geopol,1
germ,1
germin,1
gertrud,1
gertrudis,1
gesti,7
gestion,1
gestiona,1
gestionada,1
gestionados,1
gestionar,2
get,2
gfs,1
gica,3
gicamente,1
gicas,3
gico,6
gicos,4
gigantes,1
gimen,4
ginas,4
ginebra,1
girardot,1
girasol,2
glamur,1
gliptodonte,1
glob,1
global,4
globovisi,1
gloria,1
gnb,1
gneas,1
gneis,1
gnu,1
gobern,2
gobernaci,2
gobernaciones,4
gobernada,1
gobernadas,1
gobernador,3
gobernadores,1
gobernante,1
gobernar,1
gobierno,55
gobiernos,8
goldschmidt,1
golfo,12
golfos,3
golpe,11
gomecista,1
gonos,1
gonz,1
google,7
goza,1
gozan,1
gozando,1
gpl,3
gpu,1
gr,3
graba,1
grabaci,1
gracia,1
gracias,5
grad,2
grado,1
gram,1
grammy,1
gran,55
granada,5
granadilla,1
granadinas,1
grande,17
grandes,44
granito,1
granja,1
granjas,1
gratuita,1
gratuito,1
grave,1
gravedad,1
graves,3
gregorio,1
grey,1
grid,2
grids,1
grito,1
group,1
grupales,1
grupo,13
grupos,6
gu,2
guabinas,1
guacamayas,1
guacharaca,1
guadalupe,1
guaicaipuro,1
guaid,3
guain,1
guaira,2
guajira,3
gual,2
guamo,1
guaran,1
guardaba,1
guardia,2
guarenas,1
guasare,1
guasina,1
guatemala,1
guatire,1
guayaba,1
guayan,4
guayana,26
guayanamatur,1
guayaneses,1
guayaquil,1
gubernamental,2
guerra,14
guerras,2
guerrilla,1
guerrillas,1
guerrilleros,3
guez,3
guido,3
guila,2
guillermo,2
guipuzcoana,2
guitarra,2
guri,1
gustar,1
gustavo,1
gusto,3
gustos,1
guyana,9
guzm,8
gw,2
h,4
ha,65
hab,12
haber,6
habi,1
habido,1
habiendo,1
habilidad,1
habilidades,2
habilitaci,1
habitaban,1
habitante,1
habitantes,7
habituales,1
habl,1
habla,1
hablaban,1
hablados,2
hablar,3
hablarse,1
hac,1
hace,11
hacen,3
hacendado,1
hacer,2
hacerse,1
hacia,25
haciendo,3
hacker,1
hadoop,84
hagan,1
hait,3
hallado,1
hallarse,1
hallazgo,1
han,36
har,1
hardware,6
hash,2
haskell,3
hasta,57
hato,1
hay,14
haya,2
haza,1
hbase,1
hdds,1
hdfs,11
heavy,1
hecha,3
hecho,8
hechos,3
hect,2
hemisferio,2
henrique,1
henry,1
herencia,2
herencias,1
herm,1
hermandades,1
hermano,1
hermanos,1
hern,2
heroicos,1
herramienta,2
herramientas,5
herrera,2
heterog,2
hicieron,3
hidrocarburos,4
hidroel,4
hidroelectricidad,1
hidrogr,1
hierro,4
higienizaci,1
hijo,4
himno,3
hincapi,1
hinduismo,1
hip,1
hiper,1
hiperinflaci,3
hispana,1
hispanizado,1
hispano,1
hispanoam,1
hispanoamericano,1
hispanoamericanos,1
hispanohablante,1
hist,8
historia,8
historiador,2
historial,2
hito,1
hizo,6
hl,1
hogares,1
hojas,1
hom,1
hombre,3
hombres,4
homenaje,1
homicidio,1
homicidios,1
hondonadas,2
honestidad,1
honor,2
hoogesteijn,1
hop,1
hora,4
horas,2
horizontal,1
horizontalidad,1
hormiguero,1
hormigueros,2
horror,1
hostil,1
hostilidades,1
hosts,1
how,1
hoy,10
hpc,1
html,1
http,1
https,2
hu,1
hubiere,1
hubo,4
hueck,1
huevo,1
hugo,8
huir,2
human,1
humanidad,4
humanitaria,1
humano,2
humanos,12
humberto,1
humoristas,1
hungr,1
i,6
iberoam,2
icon,1
id,1
idea,1
ideal,3
ideario,1
ideas,1
idenficada,1
identidad,2
identific,2
identificaci,1
identificadores,1
identifican,1
identificar,2
ideol,2
ideolog,1
idioma,1
idiomas,6
idiosincr,1
idle,1
ido,1
idoneidad,1
if,2
ifigenia,1
iglesia,5
iglesias,1
ignacio,3
igual,7
igualdad,1
iguales,1
igualmente,8
iguana,1
iguanas,1
iii,1
il,1
ilegal,1
ilustraci,1
imataca,2
impacto,2
impedirse,1
imperativa,2
imperialismo,1
imperio,1
impidi,1
implantado,1
implantarse,1
implement,2
implementaci,6
implementaciones,4
implementado,1
implementan,1
implementar,1
implicado,1
imponentes,1
import,2
importaciones,2
importado,1
importador,4
importancia,11
importando,1
important,1
importante,25
importantes,13
impresiones,1
impuls,1
impulsa,1
impulsado,1
impulsar,2
impulso,4
impusieron,1
in,1
inaccesibilidad,1
inaccesibles,1
inactivo,1
inaugur,1
inc,1
incas,1
incidencias,1
incidente,2
incidentes,1
inclu,2
included,1
incluida,3
incluidas,2
incluido,3
incluidos,2
incluir,1
incluirse,1
incluso,9
incluy,1
incluye,10
incluyen,1
incluyendo,11
incompatible,1
inconformidad,1
inconstitucionales,1
incorpora,1
incorporada,1
increment,5
incrementado,1
incrementar,1
incremento,2
incumbe,1
incumplimiento,1
incurrido,1
incursiones,1
ind,17
indefinida,1
indentaci,1
independencia,14
independentista,1
independentistas,2
independiente,5
independientes,2
indexaci,1
indexar,1
india,1
indica,1
indicado,1
indicadores,3
indican,1
indicando,1
indicar,1
indiferencia,1
indio,1
indirectamente,3
individuales,1
individualizarse,1
indohispano,1
inducidos,1
industria,15
industrial,2
industriales,2
industrializada,1
industrias,3
ine,2
ineficiente,1
inestabilidad,2
infantil,2
inflaci,11
inflacionario,1
infligidos,1
influencia,11
influenciadas,2
influenciado,1
influencias,1
inform,1
informaci,22
informador,1
informe,5
infraestructura,8
infraestructuras,2
ingenier,1
ingesta,1
ingl,8
ingreso,2
ingresos,8
inici,8
inicia,1
iniciaba,1
inicial,3
iniciales,1
inicialmente,5
iniciaron,2
iniciativa,3
iniciativas,1
inicio,5
inicios,1
initiatives,1
inmaterial,2
inmediata,1
inmediatamente,1
inmediato,2
inmensa,1
inmenso,1
inmigraci,9
inmigrante,1
inmigrantes,5
inminente,1
inmunes,1
innovaci,1
innumerables,1
inscribieron,1
inscritos,1
insegura,1
insights,1
inspir,3
inspiradas,1
inspirado,1
inspirados,1
instal,2
instalables,1
instalaci,4
instalaciones,3
instalada,2
instalados,1
instalarse,1
instancia,2
instancias,3
instante,1
instaur,1
instaurando,1
instaurar,1
instituci,4
institucional,1
instituciones,5
instituto,5
institutos,1
instrucci,7
instrucciones,4
instrumentos,3
insuficiencia,1
insular,3
insulares,1
insurgencia,1
insurrecciones,1
int,4
intacta,1
integr,2
integra,1
integraci,8
integrada,2
integrado,3
integral,1
integran,3
integrando,1
integrar,2
integrarlo,1
integridad,2
intelectuales,1
inteligencia,3
intencionales,1
intenciones,1
intensa,1
intensiva,1
intensivo,1
intent,4
intentan,1
intentando,2
intentar,1
intentaron,2
intento,2
intentonas,1
intentos,2
inter,8
interacci,1
interactivo,4
interactuar,3
intercalados,1
intercambiados,1
intercambio,1
interesante,1
intereses,1
interfaces,1
interfaz,4
interina,1
interino,2
interior,2
intermedia,1
intermedios,2
interna,2
internacional,21
internacionales,7
internacionalmente,2
internarse,1
internet,5
interno,10
internos,1
interpreta,1
interpretaci,1
interpretado,2
interrog,1
interruptor,1
intertropical,2
intervenci,2
intimidar,2
introducci,3
introduce,1
introducen,1
introducida,1
introducidas,1
introducido,4
introducir,2
introdujo,2
intuitiva,1
inundables,1
inusual,1
inv,1
invadida,1
invadir,1
invasi,4
inventara,1
inventiva,1
inversiones,3
invertida,1
investido,1
investigaci,3
investigaciones,6
investigar,1
invierno,1
invirtieron,1
invocaci,1
involucrados,2
involucran,2
involucrando,1
iot,2
ip,1
ipython,1
ir,4
ires,1
irregular,3
irregularidades,1
irrumpieron,1
irrupci,1
is,1
isa,1
isaac,1
isbol,9
isidro,1
isla,10
islam,1
islas,11
islotes,4
ismael,1
israel,1
istmo,1
itabiritas,1
italia,6
italiana,2
italiano,4
italianos,1
italo,1
iterable,4
iteraci,1
iterar,1
ivc,1
izquierda,2
izquierdista,2
izquierdistas,1
j,4
jacinto,1
jaguar,1
jaguares,1
jaime,1
jakubowicz,1
jamaica,1
jap,1
jar,1
jarillo,1
java,4
jefatura,1
jefe,8
jehov,1
jerarqu,1
jes,1
jesucristo,1
jesuitas,1
jetty,1
jim,6
jivi,1
joaqu,3
job,8
jobs,1
jobtracker,2
johnny,1
jonathan,1
jornada,1
joropo,1
jos,25
josefa,1
joven,1
jre,1
juan,14
jubilaci,1
jubilados,1
juda,1
judicial,5
judiciales,2
juego,2
juegos,4
juguete,2
juicio,1
juli,1
julio,5
junio,8
junta,6
juntas,1
junto,13
juntos,1
jur,1
jurament,1
juramento,1
jurisdiccional,1
justicia,11
justo,1
juvenal,1
juveniles,1
juventud,1
juzga,1
jvj,1
jvm,1
k,2
karate,2
kari,1
karive,1
keywords,1
kfs,1
kil,4
kinkaj,1
klein,2
km,34
kwargs,1
kwh,1
l,64
la,1623
labor,1
laboral,1
laborales,2
laboratorio,1
laboratorios,1
labores,1
lado,3
lados,1
lagartos,1
lago,22
lagos,2
laguna,3
lambda,6
lander,1
landrace,1
lang,1
langostas,1
lanz,4
lanzada,1
lanzado,1
lanzamiento,6
lapa,1
lapso,1
lar,7
lara,4
lares,13
larga,1
largas,1
largo,11
largos,2
larraz,1
las,369
lasqueado,1
latencia,1
latina,14
latinoam,6
latinoamericana,2
latinoamericano,3
latitud,2
latitudes,1
laudo,1
laureano,1
lauro,1
lavado,1
lazo,1
lazos,1
lculo,1
lculos,2
le,24
leal,1
learn,1
learning,1
lebre,1
leche,3
lector,2
lectura,1
lee,2
leer,1
legado,1
legales,1
legalista,1
legalizaci,1
legalizado,1
legalizando,1
legibilidad,2
legibles,1
legisladores,1
legislativa,1
legislativamente,1
legislativas,1
legislativo,9
legitimidad,2
leguminosas,1
leishmaniasis,1
lengua,7
lenguaje,16
lenguajes,12
lenguas,3
lentos,1
leo,29
leocadio,3
leonardo,1
leoni,3
leopoldo,1
leos,4
lepage,1
lepra,1
les,1
lesa,1
letra,2
letras,1
levanta,1
levantada,1
levantadas,2
levantamiento,1
levantan,1
levantar,1
leve,1
ley,12
leyes,7
lez,1
lgebra,2
lgica,1
liberaci,4
liberada,1
liberal,5
liberales,4
liberalismo,1
liberar,1
libertad,8
libertades,2
libertador,4
libertadora,1
libre,5
libres,2
libro,3
libros,1
lica,6
licas,1
licencia,5
licenciados,1
license,3
licos,2
licuado,1
lida,1
lidas,1
liderada,3
lideradas,1
liderado,1
lidiar,2
lido,2
lidos,1
life,1
liga,4
ligado,1
likes,1
lim,1
lima,1
limita,5
limitaciones,1
limitado,2
limitando,1
limpia,1
limpio,1
linares,3
lineal,3
lineamientos,1
ling,1
linux,1
liquidaci,2
lisa,1
lisis,11
lisp,3
list,2
lista,15
listan,2
listas,3
lite,1
literaria,2
literarias,1
literario,3
literatura,5
litoral,2
litros,3
live,2
lix,1
llam,1
llama,2
llamada,5
llamadas,1
llamado,4
llamados,2
llamar,1
llanera,6
llaneros,2
llano,2
llanos,20
llanura,1
llanuras,2
llave,5
llaves,1
lleg,5
llega,3
llegada,2
llegado,2
llegan,2
llegar,6
llegara,1
llegaron,1
lleno,1
llev,9
lleva,2
llevaba,1
llevados,1
llevar,1
llevarlo,1
llevaron,1
llovera,1
lluvia,1
lluvias,1
lluviosa,1
lluviosas,1
lluvioso,2
lo,80
local,8
locales,7
localidad,3
localizaci,3
localizado,2
localizar,1
localmente,2
log,1
logging,1
logo,2
logr,5
logra,1
logran,1
logrando,1
lograron,1
logros,1
logs,2
longitud,6
longitudes,1
longitudinales,1
lope,1
loro,1
loros,1
los,582
lotes,1
lovera,1
lsv,1
ltima,7
ltimas,4
ltimo,10
ltimos,7
ltiple,1
ltiples,8
luc,1
luces,1
lucha,2
lucrativos,1
lucro,2
luego,27
lugar,19
lugares,1
lugo,1
luis,6
luisa,1
lumi,1
lusinchi,1
lusitana,1
luso,1
lvarez,1
m,293
ma,8
macagua,1
machado,1
machine,1
machurucuto,1
macizo,4
macizos,1
macros,1
macu,1
madera,4
maderas,1
maderera,1
madrid,1
maduro,10
maestra,1
maestro,3
maestros,1
magistrados,1
magistratura,1
magnesita,1
magnitud,2
mahout,1
maiquet,1
mal,1
mala,2
malaria,2
malas,1
maldonado,1
malnutrici,1
malos,2
malversaci,1
malversaron,1
mam,4
man,2
manager,1
manat,2
mandarina,1
mandato,8
mandioca,1
mando,6
mandolina,1
manejan,2
manejar,5
manejen,1
manejo,2
manera,16
maneras,1
manganeso,1
manglares,1
mangle,1
mango,1
mangost,1
manifest,3
manifestaci,3
manifestaciones,8
manifestado,1
mano,4
manos,3
manten,1
mantener,4
mantenerse,1
mantenida,1
mantenidos,1
manteniendo,1
mantenimiento,1
mantiene,4
mantienen,3
mantuanos,1
mantuvo,5
manuel,8
manufacturera,1
manzanares,1
map,25
mapa,2
mapanare,1
mapas,3
mapeador,1
mapeo,5
mapreduce,43
maquillaje,1
maquiritare,1
mar,29
mara,5
maracaibo,23
maracas,1
maracay,7
marahuaca,1
maras,2
marc,2
marcada,2
marcadores,1
marcando,1
marcas,1
marcha,1
marcharse,1
marciales,1
marco,4
marcos,3
margarita,6
margot,1
mari,1
mariano,1
maricultura,1
marina,1
marinas,3
mariposas,2
mariscal,1
mariscos,1
mart,3
martinica,1
marzo,9
mas,2
masa,2
masificado,1
masiva,2
masivas,2
masivo,3
master,2
mastodonte,1
mat,1
match,2
matching,1
matem,2
mateo,1
materia,3
material,1
materiales,1
materializ,1
materias,1
materna,2
maternal,1
maternas,1
math,1
mathematisch,1
matrices,3
matriciales,1
matriz,5
matutinos,1
mauricio,1
mayas,1
mayo,2
mayor,63
mayores,10
mayoritariamente,1
mayormente,2
mazaruni,1
mb,3
mbito,1
mbolo,2
mbolos,3
mecanismo,1
mecanizados,1
medalla,3
medallas,1
medallista,1
media,2
mediada,1
mediados,7
mediana,1
mediante,18
medicina,5
medida,7
medidas,6
medina,2
medio,12
medios,4
megabytes,1
megadiverso,1
megadiversos,1
megaterio,1
mejillones,1
mejor,7
mejora,2
mejorar,1
mejoras,2
mejores,3
mel,1
melones,1
memoria,2
memorias,1
menci,1
mencion,1
menciona,1
mencionables,1
mencionados,1
mencionan,1
mencionar,1
mendoza,2
menes,10
meneses,1
menor,5
menores,3
menos,8
menoscabo,1
mensual,1
mensuales,2
menudo,6
mep,1
mera,1
mercado,3
mercados,1
merecedor,1
merengue,1
merhi,1
meridiano,2
mermaron,1
mero,20
meros,2
mes,1
mesa,1
mesas,1
meses,3
meseta,1
mesetas,3
meso,2
mestizaje,2
mestizo,2
meta,2
metaclase,1
metal,1
metam,1
metas,2
metr,3
metro,3
metrocable,1
metropolitano,1
metros,7
mez,7
mezcla,1
mezclados,1
mezclar,1
mezclarlos,1
mica,29
micas,11
michelena,2
mico,13
micos,12
microscopio,1
miembro,2
miembros,5
mientras,24
migraciones,2
migratoria,1
migratorias,2
migratorio,1
miguel,3
mij,1
mijvj,1
mike,1
mil,49
milagro,1
miles,5
militar,25
militares,6
militarmente,1
mill,4
millones,62
minas,1
miner,3
mineral,1
minerales,3
mineros,1
minimalistas,1
minimizar,1
mining,1
ministerio,6
ministerios,1
ministro,1
ministros,7
minoritario,1
minutos,1
miraflores,1
miranda,7
miras,1
misericordia,1
misi,1
misiones,1
misma,14
mismas,1
mismo,27
mismos,3
miss,3
mitaciones,1
mitad,4
mite,3
mites,5
mitolog,1
mm,2
mo,8
mocho,1
modalidad,1
modelada,1
modelaje,1
modelo,7
modelos,1
moderna,2
modernas,1
modernismo,4
modernista,2
modernizaci,1
modernizar,1
moderno,2
modernos,1
modestia,1
modificar,1
modo,9
modula,2
modulares,1
momento,7
momentos,3
monagas,6
mondongo,1
moneda,7
monetarias,1
monetario,2
monetarios,1
monitoreada,1
monitoreo,1
monjes,1
monopolio,1
monta,13
montado,1
monte,1
montserrat,1
monty,1
monumentos,1
mor,1
mora,1
moral,3
morena,2
moreno,1
morgan,1
moriche,1
morisca,1
morrocoy,1
morrocoyas,1
mortales,1
mortalidad,3
mosaico,2
mosquitos,2
mossiae,1
mostr,2
mostraban,1
mostraron,1
motat,1
motiv,1
motivo,5
motivos,1
motociclismo,1
motor,6
motores,1
motorizados,1
mover,2
moverse,1
movi,1
moviendo,1
movilidad,1
movilizaci,2
movilnet,1
movimiento,13
movimientos,1
movistar,1
mpica,2
mpico,1
mpicos,4
mppt,2
mputo,2
mputos,1
much,1
mucha,2
muchas,11
mucho,4
muchos,9
mucubaj,1
mud,1
mudos,1
muere,1
muerte,3
muertes,4
muestra,3
muestran,1
mujer,2
mujeres,4
mulo,8
multiling,1
multinacionales,2
multiparadigma,2
multiplataforma,1
multiplic,1
multiplicaci,2
multiplicado,1
multitudes,1
mundial,33
mundiales,5
mundialmente,1
mundo,49
municipal,10
municipales,2
municipio,3
municipios,4
murzi,1
musara,1
museo,2
musical,1
musicales,2
muy,31
mx,1
n,1245
nace,1
naci,9
nacida,1
nacimiento,3
nacional,102
nacionales,4
nacionalista,1
nacionalizaci,1
nacionalizada,2
naciones,8
namenode,1
napole,1
naranja,1
naranjas,1
naricual,1
narv,1
natalidad,1
nation,1
national,1
native,1
nativos,1
natural,9
naturales,10
naturaleza,1
naval,2
naveg,1
navegables,1
navegaci,2
navegador,1
navidad,2
nba,1
ncer,1
ncrona,1
ndar,5
ndares,1
ndez,4
ndice,3
ndices,2
ndio,5
ndo,1
ndola,1
ndole,2
ndolos,1
ndor,2
ndose,27
ndum,8
ne,1
nea,18
neas,5
necesariamente,1
necesarias,2
necesario,1
necesarios,1
necesita,2
necesitaban,1
necesitan,2
necesite,1
neerland,1
neerlandesa,1
neerlandesas,1
neerlandeses,1
neg,1
negativo,1
negativos,1
negociaciones,1
negocios,4
negotiator,1
negra,2
negro,7
nel,1
neo,8
neobarroco,1
neos,1
nero,6
neros,3
nes,1
nesis,1
neta,1
netamente,1
netuno,1
network,1
networks,1
neum,1
neutral,1
neutrales,1
nevada,1
never,1
nez,6
ngel,3
ngeles,1
ngulo,1
ni,6
nica,12
nicamente,1
nicanor,1
nicaragua,2
nicas,7
nico,15
nicol,7
nicos,10
nieves,1
nima,2
nimo,11
nimos,1
ninguno,1
nivel,20
nivelar,1
niveles,4
no,82
nobel,1
noche,2
node,1
nodo,19
nodos,17
noma,1
nombr,3
nombrado,3
nombrar,1
nombre,24
nombres,6
nominal,1
nomo,4
nomos,1
none,1
noreste,4
normalmente,2
normas,1
noroccidente,1
noroeste,2
norte,27
nosql,1
not,1
nota,3
notable,2
notablemente,2
notables,1
notaci,2
notar,1
noticiarios,1
noticias,2
notificadas,1
novedosa,1
novela,2
novena,1
noveno,5
noviembre,9
novoa,1
nsito,2
nsula,4
nsulas,2
ntara,2
ntica,3
ntico,11
ntrica,1
nube,1
nubladas,1
nuestra,1
nuestro,1
nueva,24
nuevamente,9
nuevas,8
nueve,3
nuevo,17
nuevos,10
nulo,1
nulos,1
numerosas,3
numerosos,3
nuria,1
nutanix,1
nutch,6
nutrias,1
nutrido,2
nxn,1
o,178
objetivo,8
objetivos,3
objeto,5
objetos,7
oblig,1
obligados,1
obligatoria,2
obligatorio,2
obra,5
obras,9
obreros,1
observ,3
observa,1
observaci,2
observaciones,1
observadores,1
observan,1
observatorio,1
obstante,10
obtener,2
obtenida,2
obteniendo,1
obtuvieron,2
obtuvo,5
oc,8
ocasi,2
ocasionando,1
ocasiones,3
occidental,10
occidentales,4
occidente,10
ochenta,2
ocho,4
octava,1
octavio,1
octavo,1
octubre,4
ocupa,9
ocupaba,1
ocupaban,1
ocupado,2
ocupan,1
ocupando,4
ocupar,1
ocurrencias,1
ocurri,1
ocurrir,2
odas,1
odo,19
odos,6
oea,5
oeste,12
of,1
oficial,12
oficiales,11
oficialista,2
oficialistas,1
oficialmente,3
oficina,1
oficinas,1
ofrece,3
ofrecen,1
ofrecer,1
oil,1
ojeda,3
ol,14
ola,4
olas,1
oleada,1
oleadas,1
oleaginosas,1
oles,8
oligarqu,1
ollas,1
onda,1
ones,1
ong,2
onoto,1
onu,1
op,1
opci,2
opcionalmente,1
opciones,2
opensolaris,1
opensource,1
opep,1
operaci,8
operaciones,15
operadores,1
operan,1
operativo,4
opini,1
opiniones,1
oportunidad,1
oportunidades,1
oposici,9
opositor,2
opositora,1
opositores,2
optimizado,1
or,3
oratoria,2
orden,9
ordenada,2
ordenado,1
ordenadores,4
ordenados,2
ordenamiento,3
ordenar,1
ordinario,1
org,1
organismo,3
organismos,1
organiz,8
organiza,3
organizaci,8
organizaciones,4
organizada,2
organizadas,2
organizado,3
organizando,1
organizar,1
organizarse,1
orientaci,4
orientada,2
orientadas,2
orientado,1
oriental,8
orientales,3
oriente,11
origen,13
origin,1
originado,1
original,4
originalmente,2
originario,1
originarios,1
originaron,1
orinoco,36
orinoquia,1
ornamentaci,1
ornamentos,1
oro,11
orogr,1
orograf,2
orqu,1
orquesta,2
orquestas,1
ortega,1
ortodoxos,1
os,76
osa,1
osas,7
oscila,1
oso,2
osos,3
ostenta,2
ostentaciones,1
otero,2
otorg,2
otra,15
otras,27
otro,14
otros,66
oveja,1
ovino,1
ozone,2
p,68
pa,230
pablo,2
pacaraima,1
pacientes,2
pacificaci,1
pacificado,1
pacificar,1
pact,1
pacto,2
padeci,1
padr,1
padre,1
paga,1
pagerank,1
pagos,3
paisaje,1
paisajes,2
paisajistas,1
paja,2
palabra,14
palabras,14
palacio,3
palacios,1
palafitos,3
paleo,2
paleozoico,1
palma,4
palmas,3
palmero,1
palmita,1
pan,1
panamericanos,1
pano,2
panorama,2
papa,3
papaya,1
papel,3
papita,1
paquete,4
paquetes,1
par,3
para,240
paradigma,1
paradigmas,1
paradis,1
paraguan,3
parajes,1
paralela,2
paralelamente,3
paralelas,1
paralelismo,1
paralelizados,1
paralelo,6
paralelos,1
paraulata,1
parches,1
parcial,1
parcialmente,2
pardillo,1
parece,1
parecerlo,1
parecida,1
parecido,1
paredes,1
pares,9
pargos,1
paria,8
parima,1
parisinas,1
parlamentarias,1
parlamentario,1
parlamento,3
paro,2
parque,9
parra,1
parranda,1
parrilla,1
parroquiales,1
parser,1
parte,71
partes,2
partici,3
particiones,2
particip,1
participaci,6
participado,1
participan,2
participantes,1
participar,1
participaron,1
particular,4
particularmente,1
partida,1
partidarios,2
partidista,1
partido,14
partidos,10
partir,13
pas,6
pasa,2
pasadas,1
pasado,2
pasajeros,2
pasando,2
pasar,3
pasara,2
pasaron,1
pascal,1
pascua,1
paso,3
pasos,3
pasta,1
pasticho,1
pastizales,1
pastor,1
pastora,1
patente,1
patios,1
patos,1
patr,1
patri,1
patria,2
patrimonio,4
patriotas,2
patriotismo,1
patrocinado,2
patrones,5
pattern,1
paula,1
paz,3
pcv,3
pdvsa,5
peces,3
pecuarios,1
peculiaridad,1
pedido,1
pedir,1
pedro,4
pel,3
peligro,2
pelones,1
pem,2
pen,6
pena,1
penal,1
penales,2
penalmente,1
pendiente,1
pendientes,1
penetraci,1
penillanura,1
penitenciario,1
pensaba,1
pensamiento,2
pensar,1
pensiones,1
pepiada,1
peque,10
per,31
peraza,1
percances,1
percepci,1
percibieron,1
percusi,1
perd,2
perdi,2
perdiendo,1
perdieron,1
pereci,1
perfecta,1
perfil,2
perfila,1
perfilarse,1
peri,3
perij,2
periodista,1
periodistas,1
periodo,6
periodos,2
perm,1
permaneci,3
permanencia,1
permanente,3
permear,1
permit,2
permite,20
permiten,4
permiti,4
permitido,2
permitir,4
pero,39
perpetr,1
perpetuarse,1
perro,1
perseguir,1
persista,1
persona,3
personalidad,1
personalizaci,1
personalizados,3
personas,13
pertenecen,2
pertenecer,1
perteneciente,1
pertenecientes,3
pertinentes,1
pesado,2
pesar,5
pesca,1
pescados,1
pese,3
peso,1
pesos,1
pesquera,1
pesqueros,1
petabyte,1
petabytes,2
petanca,1
peters,1
petr,33
petrol,1
petrolera,7
petroleras,3
petrolero,7
petroleros,5
pez,5
pi,3
piano,1
piar,1
piaroa,1
pib,7
pic,1
pica,1
picamente,2
picas,1
pico,5
picos,1
pida,1
pidamente,2
pidi,1
pido,2
piedemonte,1
piedra,1
piedras,2
piel,1
pierden,1
piero,1
pietri,1
piezas,4
pijiguaos,1
pilas,1
pilotes,1
piloto,1
ping,1
pino,1
pintar,1
pintorescos,1
pintura,3
pinturas,1
pinza,1
pionero,1
pip,1
piratas,1
pisca,1
piscifactor,1
pisos,1
pita,2
pj,1
pl,4
plan,2
planeado,2
planes,1
planeta,3
planicies,1
planific,1
planificaci,5
planificador,2
plantaciones,2
plantas,3
planteada,1
planteles,3
plasmar,1
plata,2
plataforma,7
plataformas,3
platos,2
playa,1
playas,3
plaza,1
plebiscito,1
plena,1
plural,1
pluralismo,1
plus,1
pnb,1
pnf,1
poblaci,31
poblacional,2
poblaciones,3
poblada,2
pobladores,3
poblados,2
poblaron,2
pobreza,4
poca,14
pocas,1
pocaterra,1
poco,7
pocos,4
podemos,3
poder,48
poderes,5
poderosos,1
podr,2
poes,2
poeta,2
pol,63
poli,2
polic,3
policial,1
policiales,1
polimorfismo,1
polis,1
pollo,2
polo,1
polonia,1
pomeroon,1
ponche,1
pone,1
poner,2
poniendo,2
pool,1
pools,1
pop,2
popular,16
populares,4
popularidad,4
popularizaci,1
por,430
porcentaje,2
porci,2
porcino,2
porciones,1
porlamar,1
porque,6
port,1
portu,1
portugal,4
portugu,3
portuguesa,3
portugueses,1
portutv,1
pose,2
posee,17
poseen,9
poseer,1
posesi,1
posgrado,1
posguerra,1
posibilidad,5
posible,5
posiblemente,1
posibles,1
posici,7
posicion,2
posicionan,1
posicionando,1
posiciones,2
positivismo,1
posix,4
posterior,7
posteriores,2
posterioridad,1
posteriormente,8
postrimer,1
postul,1
potaro,1
potencia,2
potencias,3
potentes,1
pozos,1
ppa,1
ppen,1
ppt,1
pr,12
practicadas,1
practicantes,1
practicaron,1
pradera,2
pre,2
precio,4
precios,2
precisamente,5
precisi,4
precisos,1
precolombino,1
precolombinos,1
precursoras,1
predecesor,1
predecir,1
predomina,1
predominantemente,1
predominantes,1
preeminencia,1
preescolar,3
preferencia,2
prefieren,1
pregrado,1
prehisp,3
prehist,1
preliminares,1
premiado,1
premio,6
prensa,3
preocupaci,2
preparaci,1
preparar,1
presas,1
prescriptiva,1
preseleccionar,1
presencia,11
present,3
presenta,4
presentaban,1
presentaciones,1
presentado,1
presentados,1
presentan,2
presentando,1
presente,2
presenten,1
presentes,2
preservar,1
preside,1
presidencia,6
presidencial,4
presidenciales,3
presidencialista,1
presidente,38
presidentes,1
presidida,1
presidido,2
presidir,2
preso,1
presos,2
presuntas,1
presunto,1
presupuestarios,1
presupuesto,1
pretend,1
pretende,2
prev,1
prevalecido,1
prevenir,3
previamente,1
previos,1
prevista,1
previsto,1
primaria,1
primates,1
primer,18
primera,18
primeras,7
primero,2
primeros,11
primordial,1
primordialmente,1
principal,23
principales,22
principalmente,6
principio,1
principios,8
prioridad,2
prisioneros,1
privacidad,2
privada,1
privadas,5
privado,1
privatizaciones,1
privatizada,1
privilegiando,1
probabilidad,1
probablemente,1
probar,1
problem,2
problema,7
problemas,8
procede,1
procedencia,1
procedente,2
procedentes,3
procedimientos,1
proces,1
procesa,1
procesadas,1
procesado,2
procesamiento,27
procesamientos,1
procesandos,1
procesar,7
proceso,15
procesos,3
proclam,2
proclamada,1
proclamado,1
procurador,1
procuradur,1
produc,2
producci,42
producciones,2
produce,3
producen,2
produci,1
producido,1
producidos,2
produciendo,1
producir,2
productivas,1
producto,4
productor,8
productoras,1
productores,4
productos,8
produjeron,1
produjo,11
profesional,5
profesionales,1
profesionalizaci,2
profunda,1
profundamente,1
profundidad,1
profundo,1
profundos,1
profusa,2
programa,8
programable,1
programaci,27
programador,4
programadores,4
programar,3
programas,4
programming,1
progresista,1
progresivamente,2
progresivo,1
progreso,4
prohibi,1
proliferaci,2
proliferaron,1
prolong,1
prolonga,2
prolongada,1
promedio,3
promoci,3
promontorio,1
promovi,2
promulg,4
promulgada,1
prop,1
propano,1
propia,3
propiamente,1
propias,4
propici,2
propiciar,1
propiedad,3
propiedades,1
propio,5
propios,2
propon,1
proporciona,6
proporcionadas,1
proporcionado,1
proporcional,2
proporcionalmente,1
proporcionar,3
propuesta,1
propuestas,1
propugna,1
propuso,1
proscribi,1
prosigui,1
prosiguieron,2
protagonizada,1
protecci,1
proteger,1
protestantes,1
protestas,3
protocolo,2
provee,6
proveedores,1
proveniente,4
provenientes,5
proviene,4
provienen,2
provincia,3
provincias,4
provino,1
provisional,5
provocando,1
provocaron,1
proyecciones,1
proyectado,1
proyecto,17
proyectos,9
psf,1
psuv,1
ptica,1
ptima,4
ptimo,3
public,1
publica,1
publicaci,2
publicaciones,2
publicado,1
publicar,1
pudiendo,4
pudieran,2
pudo,2
pueblo,5
pueblos,6
pueda,1
puedan,2
puede,38
pueden,31
puente,5
puentes,3
puercoesp,1
puerto,12
puertos,2
pues,1
puesto,6
pugilistas,1
pujante,1
puma,1
pumas,1
punta,3
puntera,1
punto,10
puntos,5
puntuaci,2
puro,1
puso,2
pyth,1
python,72
pythonlabs,2
qos,1
qu,7
que,530
qued,1
queda,1
quedar,1
quede,1
quehacer,1
queipa,1
quel,1
quemadas,1
queramos,1
queso,1
quesos,2
qui,2
quidos,1
quiebre,1
quien,13
quienes,9
quiere,1
quina,4
quinas,5
quinta,1
quinto,2
quiriquires,1
quiros,1
quiso,1
quito,1
r,50
ra,10
rabe,1
rabes,1
rabipelados,1
racial,2
racimo,1
rack,8
racks,1
radial,2
radiales,2
radio,8
radiodifusi,1
radioemisoras,1
radonski,1
rafael,8
raid,1
raimundo,1
rajatabla,1
ralentizarse,1
ram,2
rama,1
ramas,3
ramos,2
ranas,1
random,1
rara,1
rascacielos,1
rasgo,1
rasgos,4
rastreador,8
rastreadores,1
rastrean,1
ratific,1
ratificada,1
ravelo,1
raz,4
razas,2
rbara,1
rbol,1
rboles,1
rceles,1
rcito,9
rctv,1
rculos,2
rdenes,4
rdico,1
rdida,2
rdidas,2
re,5
rea,8
reacci,1
reaccionan,1
real,7
realismo,3
realista,2
realistas,2
realiz,4
realiza,4
realizaci,2
realizada,1
realizadas,2
realizado,4
realizador,1
realizadores,1
realizando,1
realizar,13
realizaron,2
realizarse,2
reaparecen,1
reas,6
rebel,1
rebelados,1
rebelaron,1
rebeli,5
rebeliones,3
recae,1
recesi,5
rechazadas,1
rechazados,1
rechazo,2
reci,1
recib,1
recibe,6
reciben,1
recibi,5
recibiendo,1
recibieron,1
recibir,1
reciente,1
recientes,4
reclama,2
reclamaci,2
reclamado,1
reclutamiento,1
recluy,1
recogida,1
recolecci,1
recolectar,1
recolectoras,1
recoleta,1
recoletos,1
recomendables,1
recomendaciones,1
recomendar,1
recomenzar,1
recomienda,1
reconoc,2
reconoce,1
reconocen,2
reconocerse,1
reconocida,1
reconocidas,2
reconocido,6
reconocidos,1
reconociendo,1
reconocieron,1
reconocimiento,2
reconversi,1
recordado,1
recordaron,1
recorre,1
recorrer,2
recorri,1
recortes,1
recreaci,1
rector,1
recubiertas,1
recuperaci,3
recuperado,1
recuperar,1
recuperarse,1
recurrieron,1
recurso,3
recursos,20
red,14
redact,1
redes,2
redescubierta,1
reducci,15
reduce,18
reducidos,1
reduciendo,3
reducir,2
reductor,4
reductores,5
redujo,4
redundancia,1
reedici,1
reelecci,3
reelecto,2
reelegibles,1
reelegido,2
reelegidos,3
reemplaz,2
reequilibrar,1
refactorizado,1
refer,8
referencia,3
referencias,3
referentes,1
referirse,1
refiere,3
refieren,1
refinada,1
refinamiento,1
refiner,1
refiri,2
reforma,2
reformas,2
refugi,1
refund,1
regable,2
reggae,1
regi,29
regional,6
regionales,9
regionalizaci,1
regiones,19
registr,2
registrado,1
registran,1
registrando,1
registraron,2
registro,3
registros,3
regla,2
reglamentada,1
reglamentar,1
reglas,1
regresa,1
regresar,1
regreso,3
regul,1
regulado,3
regulador,1
regularizaci,1
reina,1
reinado,1
reinados,1
reinas,2
reiniciaba,1
reino,5
reintegro,1
reiterados,1
reivindicaciones,1
reivindicadora,1
relaci,1
relaciona,1
relacionadas,1
relacionales,1
relaciones,8
relativa,1
relativas,1
relevancia,2
relevante,3
relevantes,1
relieve,6
relieves,1
religi,1
religiones,2
religiosa,3
religiosas,2
religioso,1
rellena,1
remanentes,1
remonta,1
remontan,1
remontarse,1
remotas,1
rencor,1
rend,1
rendici,1
rendimiento,4
rendimientos,2
rendir,1
rengifo,1
renombr,1
renombre,2
renov,1
renovables,5
renovaci,1
rentables,1
rentista,1
renuncia,2
reo,1
reorganizaci,1
rep,37
reparte,1
reparten,1
replica,1
replicaci,2
replicada,1
replicado,1
replican,1
report,2
reportados,1
reporteros,1
reposo,1
represa,2
represent,3
representa,3
representaba,4
representaci,5
representaciones,1
representada,3
representado,1
representan,2
representantes,1
representar,1
representativas,1
representativo,2
representativos,2
represivos,1
reprograma,1
reprogramarse,1
reptiles,3
republicana,2
republicanas,1
republicano,2
republicanos,2
repunte,3
requerida,10
requerimientos,1
requiere,3
requieren,1
requiri,1
res,1
resalta,1
rescatado,1
rescatar,1
rescate,1
research,1
reserva,1
reservadas,2
reservas,16
resetea,1
reside,1
residen,3
residencia,1
residentes,1
residual,1
resiliente,1
resistencia,1
resistir,1
resoluci,2
resolver,2
resolvi,1
resource,1
respaldada,1
respectivamente,2
respectivas,1
respectivos,1
respecto,4
respeto,1
responsabilidad,2
responsable,1
respuesta,3
respuestas,1
restablece,1
restablecimiento,1
restantes,1
restaurador,1
restaurar,1
restful,1
restituido,1
resto,5
reston,1
restos,1
restringe,1
restringidas,1
resueltas,1
resuelve,1
result,3
resulta,1
resultado,6
resultados,8
resultante,1
resultar,3
resultaron,2
resumir,1
ret,1
retir,1
retirada,1
retom,1
retomado,1
retorna,1
retornar,1
retornara,1
retorno,1
retroceso,1
reuni,1
reunidos,1
reuniendo,1
reuniones,1
reurbanizaci,1
reuters,1
revel,1
revela,1
revelado,1
revelan,1
rever,1
reverencial,1
revirti,1
revocatorio,2
revoluci,16
revolucionarias,1
revueltas,1
rey,2
reyes,1
rez,14
rficas,1
rgano,10
rganos,7
rgenes,1
ribas,1
riberas,1
rica,43
ricamente,3
ricardo,1
ricas,3
riches,1
rico,8
ricos,3
rida,11
rieles,1
riendas,1
riesgo,2
rige,1
rights,1
rincones,1
riqueza,2
ritmo,2
ritu,1
rival,1
rivales,2
rmicos,1
rmino,3
rminos,4
rmula,1
rnv,1
roca,2
rocas,2
rock,1
rodean,1
rodr,3
roes,1
rojas,6
rojo,1
rol,1
rom,4
romanticismo,1
romanticistas,1
rompi,1
rompieron,1
rones,1
ropa,2
roques,1
roraima,3
rosales,1
rosario,1
rossum,10
roto,1
rpc,1
rprete,3
rpretes,1
rreas,1
rrida,1
rrito,1
rroga,1
rticas,1
rtico,1
rtiles,1
rugby,1
ruined,1
rumbera,1
ruperto,1
ruptura,1
rupununi,1
rurales,2
rusia,5
ruta,1
rutas,2
rutin,1
s,491
sabana,1
sabanas,1
sabe,3
saber,5
sable,1
sacramento,1
sagradas,1
sal,1
sala,2
saladoide,1
salario,8
salas,2
sald,1
saldo,1
sali,1
salida,12
salidas,3
salobridad,1
salsa,1
salto,5
salud,3
salvador,1
salvo,2
san,13
sanci,1
sancion,2
sancionar,2
sand,1
sangr,1
sangrado,1
sangrar,1
sant,2
santa,5
santaf,1
santander,1
santanderistas,1
santer,1
santiago,1
santo,1
santos,1
sar,3
sardinas,1
sas,2
sat,1
saudita,1
sax,1
scheduler,4
scheme,2
schneider,1
scoping,1
scripts,1
se,510
sea,8
search,1
sebin,3
seca,1
secci,2
secesi,2
seco,1
secretarios,1
secreto,4
sector,6
sectores,3
secuencia,1
secuencial,1
secuenciales,1
secuencias,2
secuestrado,1
secuestro,1
secundaria,1
secundario,1
secundarios,1
sede,2
sediciones,1
sedimentaria,1
sedimentarias,1
sedimentos,1
seg,38
segregadas,1
seguida,7
seguido,4
seguidos,1
seguimiento,1
seguir,3
segunda,12
segundo,5
seguridad,14
seguro,2
seis,2
sel,1
selecci,2
selecciones,1
sellar,1
selv,1
selva,2
selvas,5
sem,2
semana,1
semanalmente,1
sembr,1
semestres,1
semi,1
sencilla,1
sencillez,1
seno,1
sensibles,1
sent,2
sentencia,4
sentencias,1
sentido,1
separaci,3
separadas,1
separado,1
septentrional,2
septentrionales,2
septiembre,6
sequ,1
ser,65
serie,9
serpientes,4
serran,3
serv,1
servicio,12
servicios,5
servidor,1
servidores,4
servir,1
ses,46
sesgado,1
sesi,2
sexta,1
sexto,3
sexual,1
shabonos,1
shutil,1
si,23
sic,1
sica,18
sicamente,1
sico,3
sicos,7
sido,23
siempre,4
siendo,24
sierra,5
sierras,3
siete,5
siga,1
sigan,1
siglas,1
siglo,24
signific,2
significa,3
significaci,2
significado,1
significativa,1
significativamente,1
significativo,2
significativos,1
sigui,4
siguiente,9
siguientes,7
siguieron,1
silencio,1
sill,1
silva,2
sim,13
sima,1
simas,2
simbolismo,1
similar,10
similares,2
similitudes,2
simo,1
simone,1
simple,3
simplemente,1
simplificar,1
simulaci,1
simult,1
sin,33
sincretismo,1
sincronizaci,1
sinf,1
sino,2
sint,3
sintaxis,5
siparuni,1
siria,1
sirve,1
sisal,1
sistem,2
sistema,43
sistemas,9
sitial,1
sitio,1
sitios,1
sitme,1
sito,1
sitos,2
situaban,1
situaci,11
situaciones,2
situado,1
situaron,1
ska,1
slots,2
smo,1
so,1
soberan,7
soberano,2
soberanos,3
sobre,36
sobrecarga,2
sobreentendimiento,1
sobremanera,1
sobreoferta,1
sobresal,1
sobresalen,1
sobresaliendo,2
sobresaliente,3
sobriedad,1
social,14
socialcristiano,1
socialdem,2
sociales,5
socialismo,3
socialista,2
sociedad,2
sociedades,2
socorro,1
soft,1
software,18
sola,1
solamente,3
solar,2
soldados,1
solicit,1
solicitando,1
solidaridad,2
solo,26
soluci,1
solveig,1
solventar,1
solvente,1
someterse,1
sometido,1
sometidos,2
son,104
sopa,1
soplan,1
soporta,3
soportados,3
soportar,1
soporte,6
sorda,1
sordos,1
sorgo,2
sosten,1
sostenido,1
soto,1
soublette,2
sources,1
soya,1
spark,2
spera,2
squeda,8
squedas,4
squez,1
ssh,1
stas,1
static,1
statistics,1
ste,1
ster,11
steres,2
stica,13
sticamente,3
sticas,10
stichting,1
stico,4
sticos,8
stides,1
stomo,1
storage,1
store,1
str,1
streaming,1
strofos,1
structural,1
su,242
sub,3
subcampeonato,2
subconjunto,2
subcontinente,1
subdivididos,1
subi,3
subido,1
subiendo,1
sublevaci,1
sublevado,1
submarinas,1
subordinados,1
subsidiaria,1
subsistencia,1
subsuelo,1
suburbios,1
subvencionada,1
subyacente,1
suceden,1
sucedido,1
sucesivamente,1
sucesivas,1
sucesor,3
sucesora,1
sucesos,1
sucre,2
sudam,1
sudamericana,1
sudamericanas,1
sudamericano,5
sudamericanos,1
suecia,1
suele,5
suelen,4
suelo,1
sufragio,8
sufri,2
sufriendo,1
suiza,1
sujeta,1
sujeto,1
sujetos,1
sum,1
suma,6
sumarlos,1
sumatoria,1
sumisi,1
sun,5
supenaam,1
super,1
superaba,1
superado,1
supercable,1
supercontinente,1
superficie,7
superior,4
superiores,2
supervisa,2
suple,1
supongamos,2
suponiendo,1
suprema,1
supremo,5
supuesta,1
sur,22
suram,3
sureste,4
surgido,3
surgir,2
surinam,1
suroeste,2
sus,68
suscitado,1
suscripci,2
suscriptores,3
suscrito,1
suspendi,1
suspensi,2
sustentada,1
sustento,1
sustituci,1
switch,3
sys,1
system,2
t,43
tabaco,2
tabla,1
tablas,1
tabuladores,2
tabular,1
tacarigua,1
tadeo,3
takutu,1
tal,6
tales,6
talla,2
tama,8
tambi,67
tambor,1
tan,3
tano,2
tanto,17
tapir,2
tapirapec,1
tarde,3
tarea,2
tareas,14
tarre,1
tasa,10
tasas,4
task,2
tasktracker,5
tbol,7
tcp,1
teatrales,2
teatro,8
tecnol,5
tecnolog,7
tedra,1
tegui,6
tejidos,1
tel,1
telcel,1
telecaribe,1
telecomunicaciones,2
telef,2
telefon,3
televen,1
televisi,10
televisora,5
televisoras,1
tell,1
tem,1
tema,2
temas,1
temperatura,4
temperaturas,1
templado,2
temporadas,1
temporales,1
temporalmente,2
ten,6
tendencia,2
tendencias,1
tendiente,1
tendientes,1
tendr,1
tenemos,3
tenencia,1
tener,11
tenido,4
teniendo,6
tenientes,1
tennessee,1
tensi,1
tension,1
teor,2
tepuy,1
tepuyes,4
teque,1
teques,1
terabytes,1
tercer,9
tercera,5
tercero,1
terceros,1
terciaria,1
tere,1
teresa,2
termin,3
terminadas,1
terminado,1
terminal,1
terminan,1
terminar,2
terminaron,1
termoelectricidad,1
ternario,1
terraplenes,1
terrazas,1
terrenal,1
terreno,1
terrestre,4
terrestres,3
territorial,3
territoriales,4
territorio,35
territorios,3
testigos,1
textiles,1
texto,5
the,3
theja,1
this,1
thread,1
threading,1
tica,43
ticamente,1
ticas,23
tico,31
ticos,23
tiempo,16
tiempos,2
tiende,1
tiene,48
tienen,7
tierra,9
tierras,7
tigres,1
til,4
tim,1
tima,3
timas,1
time,1
timo,2
timos,1
timoto,2
tipado,1
tiple,1
tipo,18
tipos,12
tito,1
titul,2
tk,1
tkinter,1
tm,2
tnicas,2
tnico,1
tobago,3
tocaban,1
tocuyano,1
tocuyo,1
toda,4
todas,8
todav,1
todo,27
todos,23
tokeniza,1
tokio,1
tolerancia,3
tolerante,1
tom,7
toma,6
tomando,2
tomar,6
tomara,1
tomaron,1
tomarse,1
tomates,1
tonada,1
toneladas,40
toninas,1
top,1
topogr,1
topograf,1
torneo,1
torneos,1
torno,3
toro,2
toros,1
torre,1
torrente,1
torres,3
tortuga,7
tortura,1
torturar,1
tost,1
total,23
totalidad,1
totaliza,1
totalizar,1
totalmente,1
tovar,3
tr,6
tra,1
trabajaban,2
trabajador,1
trabajadores,5
trabajar,5
trabajo,29
trabajos,12
tracker,9
tradici,3
tradicional,1
tradicionales,3
tradicionalmente,3
tradiciones,1
traducci,1
traduce,1
traducida,1
traffic,1
traici,1
trajes,1
trajo,4
tram,1
tramadas,1
tramados,1
tramo,1
transacciones,1
transbarca,1
transbol,1
transculturaci,1
transcurso,1
transforma,1
transformaci,2
transici,5
transmaracay,1
transmisores,1
transmitidas,1
transnacionales,1
transparencia,1
transparentes,1
transporta,2
transporte,4
tras,7
trascendencia,1
traslad,1
trasladarse,1
traslapo,1
trat,2
trata,1
tratado,6
tratamiento,3
tratamientos,1
tratar,1
tratarse,1
tratos,2
trav,22
traves,1
trayectoria,2
trazados,1
trece,3
tregua,1
tres,18
tri,1
tribu,1
tribunal,5
tribunales,1
tribus,5
trigo,1
trimestre,2
trinidad,6
triple,1
tripulaci,1
triste,1
triunfada,1
triunfalmente,1
triunfo,1
triunfos,1
triunvirato,1
triunviros,1
trolcable,1
tromerca,1
troncal,1
tropa,2
tropas,4
tropical,1
tropicales,2
trucha,1
truchas,2
trueque,1
trujillo,2
tsj,5
tsu,1
tub,2
tucanes,1
tulo,2
tulos,5
tunas,1
tup,1
tupla,1
tuplas,2
tuqueque,1
tur,2
turbulencia,1
turbulento,1
turismo,5
turistas,5
turpiales,1
turqu,3
turtle,2
turumb,1
tuvieron,6
tuvo,11
tuy,1
tv,3
tves,1
twitter,1
u,7
uair,1
ubic,4
ubica,1
ubicaci,2
ubicada,1
ubicadas,1
ubicado,1
ubicados,3
ubican,1
ubicando,1
ubicaron,1
ucrania,1
umbv,1
un,337
una,275
unare,2
unas,2
unesco,2
uni,7
unicameral,2
unida,1
unidad,1
unidades,5
unidas,6
unido,6
unidos,20
unieran,1
unieron,2
unificaci,2
uniforme,1
unir,3
universal,6
universales,1
universidad,5
universidades,1
universitaria,2
universitario,1
universitarios,1
universo,1
unix,1
uno,21
unos,8
unt,1
urban,2
urbana,2
urbanas,1
urbaneja,2
urbanismo,1
urbanizados,1
urbanos,3
urbes,1
urd,4
urdaneta,1
urgi,1
uribante,1
url,1
urls,1
urnas,1
uruguay,2
us,3
usa,8
usada,3
usadas,1
usado,3
usados,1
usan,8
usando,5
usar,9
usarse,3
usd,4
uslar,1
uso,15
usualmente,2
usuario,4
usuarios,7
usula,2
usurpaci,1
usurpando,1
utilitaria,1
utility,1
utiliza,12
utilizaban,1
utilizadas,1
utilizado,4
utilizados,4
utilizan,4
utilizando,4
utilizar,4
uu,1
v,17
va,1
vac,1
vaca,2
vacacionales,1
vacaciones,1
vacuna,1
vacuno,4
valencia,13
valenciaciudad,1
validez,1
valido,1
valiosa,1
valiosos,2
valle,2
vallenato,1
vallenilla,1
valles,4
valor,18
valorada,1
valores,15
vals,3
van,14
vanguardismo,1
vapor,1
var,32
vara,1
vares,3
vargas,2
variable,4
variables,4
variaci,2
variada,1
variado,1
variante,1
variantes,2
varianza,1
varias,18
variedad,6
varios,19
vasculares,1
vasta,1
vaticano,1
ve,3
veces,6
vecinales,1
vecinos,1
vector,4
vedas,1
vegetaci,5
vegetales,2
veh,3
veinte,1
vel,1
vela,2
velar,1
velasco,1
velocidad,3
velocidades,1
veloz,1
ven,2
venados,2
venci,1
vencimiento,1
venecia,3
venedig,2
venevisi,1
venezia,1
venezolana,43
venezolanas,4
venezolano,39
venezolanos,35
venezuela,223
venezziola,1
venido,1
venta,2
ventajas,2
ventanas,1
vente,1
ventuari,2
venus,1
vepaco,1
ver,3
vera,1
verdadera,3
verde,1
verduras,1
veres,1
verificar,1
verse,1
versi,16
versionada,1
versiones,5
vertebrados,1
vertiente,2
vertientes,1
vespucio,1
vestidos,1
vestigio,1
vestigios,1
veteranos,1
vez,48
viaje,3
viajes,2
vicente,6
vicepresidente,7
vico,2
victoria,6
victorias,1
victorioso,1
vida,8
viejas,1
viejo,1
viendo,2
viene,2
vientos,3
viernes,1
vieron,1
vietnam,1
vigente,1
vigilar,1
vigor,1
vil,3
vila,2
viles,1
villa,1
villanueva,1
villegas,1
vincocaya,1
vinculados,1
vio,2
viol,1
viola,1
violaciones,4
violar,1
violento,1
virgen,3
virginia,2
virreinato,2
virtudes,1
visi,2
visionaria,1
visita,1
visitada,1
visitando,1
visitantes,3
vislumbraba,1
vista,2
vistas,2
visto,4
vistoso,1
visualmente,1
vitalicio,1
vive,5
vivi,3
vivido,2
vivienda,3
viviendas,4
vivos,1
vj,1
vn,1
vocabulario,1
voce,1
vol,5
voluntad,2
volver,1
volvi,2
volvieron,1
votaci,1
votaciones,1
voten,1
voto,2
votos,4
voz,1
vp,1
vrss,1
vuelve,1
vuelven,1
vv,1
w,1
waini,1
walerstein,1
walmart,1
warao,2
watch,1
way,2
wayuunaiki,1
web,13
webmap,1
welser,2
what,1
while,2
wide,1
williams,1
wolfgang,1
worker,7
workers,3
workshop,1
world,1
www,1
x,7
xi,1
xico,5
xima,3
ximas,1
ximo,2
ximos,1
xito,2
xiv,1
xix,6
xodo,2
xvi,2
xvii,1
xviii,2
xx,11
xxi,1
y,1111
ya,21
yacimientos,6
yagrumo,1
yahoo,11
yanomami,1
yaracuy,1
yare,1
yarn,2
yet,1
yorkshire,1
yuca,2
yucef,1
yukpa,1
yulimar,1
yvke,1
z,8
zaguanes,1
zambo,1
zambrano,1
zamora,2
zapata,1
zapateado,1
zarp,1
zen,1
zona,14
zonas,13
zookeeper,1
zorros,1
zquez,1
zulia,11
zuliana,4
zuliano,1
